eq,label
“破坏者”(DST) MK36/40/41沉底水雷,爆炸物
MK13Mod6沉底水雷,爆炸物
沉-1型水雷,爆炸物
美国MK67 潜射布放自航式水雷,爆炸物
伊拉克Sigee1400型沉底雷,爆炸物
MK50/52/55/56/57沉底水雷,爆炸物
英国VEMS多用途训练水雷,爆炸物
“卡普托”MK60锚泊水雷,爆炸物
MMI80型非触发锚雷,爆炸物
TM/AS遥控上浮水雷,爆炸物
LUGM—145型触发锚雷,爆炸物
MCF-100,爆炸物
FG1,爆炸物
66型防登陆水雷,爆炸物
“莫万”火箭上浮水雷,爆炸物
特-1火箭上浮水雷,爆炸物
Mk67自航水雷,爆炸物
KPM火箭上浮水雷,爆炸物
M70沉底雷,爆炸物
65型防登陆水雷,爆炸物
MTP-19沉底雷,爆炸物
“里拉”锚雷,爆炸物
海胆,爆炸物
伊格德姆 - 500,爆炸物
MK50/52/55/56/57,爆炸物
阿姆德 - 500M/2M,爆炸物
Sigee1400型沉底雷,爆炸物
快速打击 MK62/63/64/65,爆炸物
卡普托 MK60,爆炸物
破坏者 MK36/40/41,爆炸物
MO-90型非触发锚雷,爆炸物
锚-2型水雷,爆炸物
锚-1型水雷,爆炸物
锚-3型水雷,爆炸物
MK13Mod6,爆炸物
MCC-23,爆炸物
江河水面漂雷,爆炸物
KAM锚雷,爆炸物
APM漂雷,爆炸物
法马伊,爆炸物
TM/AS,爆炸物
MK25/26/39沉底水雷,爆炸物
塞皮亚,爆炸物
MR-80/MP-80/MRP-80,爆炸物
曼塔,爆炸物
“快速打击”MK62/63/64/65水雷,爆炸物
漂-2型水雷,爆炸物
沉-5型水雷,爆炸物
矩阵系列非触发锚雷,爆炸物
新型沉底雷,爆炸物
石鱼,爆炸物
“伊格德姆”-500沉底水雷,爆炸物
“阿姆德”-500М/2М沉底水雷,爆炸物
沉-2型水雷,爆炸物
沉-4型水雷,爆炸物
Mk52,爆炸物
谢尔别依/里拉/阿波姆空投水雷,爆炸物
Mk55,爆炸物
KSM锚雷,爆炸物
沉-3型水雷,爆炸物
锚-4型水雷,爆炸物
“海胆”,爆炸物
MAS/22,爆炸物
MRP,爆炸物
GLS210防登陆水雷,爆炸物
“西及尔”400,爆炸物
GMI100“罗肯”,爆炸物
“邦尼”,爆炸物
“石鱼”,爆炸物
74型江河水雷,爆炸物
SMG2,爆炸物
Mk65,爆炸物
77-1式木柄手榴弹,爆炸物
79式火箭手榴弹,爆炸物
M43型长柄手榴弹,爆炸物
73型小型钢珠手榴弹,爆炸物
82-1式无柄手榴弹,爆炸物
82-2式卵形手榴弹,爆炸物
82-2式全塑无柄钢珠手榴弹,爆炸物
82-3式无柄手榴弹,爆炸物
84式碰炸手榴弹,爆炸物
86式全塑无柄手榴弹,爆炸物
80式反坦克手榴弹,爆炸物
77式,爆炸物
M26式系列,爆炸物
RG-42,爆炸物
RGD-5,爆炸物
Mk 2菠萝,爆炸物
M67式,爆炸物
M57式,爆炸物
AN M18式,爆炸物
GME-FMK2-MO式,爆炸物
M39式小型卵形手榴弹,爆炸物
98式闪光手榴弹,爆炸物
M24式长柄手榴弹,爆炸物
霍赛姆,爆炸物
67式木柄手榴弹,爆炸物
541式进攻手榴弹,爆炸物
九七式手榴弹,爆炸物
RPG-40,爆炸物
WY91式手榴弹,爆炸物
防-1（F-1）式手榴弹,爆炸物
攻-59式手榴弹,爆炸物
RGD-33,爆炸物
吕歇尔LU213式,爆炸物
短柄手榴弹,爆炸物
RPG-43,爆炸物
NR20C1式,爆炸物
M型手榴弹,爆炸物
NR14式,爆炸物
NR446式,爆炸物
NV-40式,爆炸物
MB-315式,爆炸物
HG85式,爆炸物
GL-302式,爆炸物
F-1 M1915型,爆炸物
4式陶制手榴弹,爆炸物
GL-301式,爆炸物
HG80式,爆炸物
74号,爆炸物
82系列,爆炸物
反-43式反坦克手榴弹,爆炸物
波兰1931式,爆炸物
241式,爆炸物
F-1,爆炸物
LAFFITE,爆炸物
城堡,爆炸物
S.R.C.M(ROMA),爆炸物
PO-1,爆炸物
OTO,爆炸物
3式反战车手榴弹,爆炸物
RW705式,爆炸物
91式,爆炸物
九九式磁性反战车手榴弹,爆炸物
一式氰酸手榴弹,爆炸物
九九式混合燃料纵火瓶,爆炸物
RGO,爆炸物
大正十年式,爆炸物
M7A3式,爆炸物
法伊斯特尔瞬时型CS,爆炸物
NR423式训练手榴弹,爆炸物
DM24式,爆炸物
西玛震晕,爆炸物
M-DN21、M-DN31、M-DN61式,爆炸物
CITRONFOUG防御型,爆炸物
GL-304式、GL-305式和GL-307式,爆炸物
阿尔塞特克斯,爆炸物
DM51式,爆炸物
M4式,爆炸物
CM6式,爆炸物
UbHG84式,爆炸物
M3-CEV式CN,爆炸物
HG79式,爆炸物
阿尔塞特克斯特种效应弹,爆炸物
GL-303式小神鹰,爆炸物
M-DN11式,爆炸物
西玛,爆炸物
NR423式,爆炸物
HG84式,爆炸物
MB-502式,爆炸物
HG86式,爆炸物
M3式,爆炸物
HG69式,爆炸物
MCT15型非触发沉底雷,爆炸物
Mk57,爆炸物
Mk12,爆炸物
Mk8/11,爆炸物
Mk5,爆炸物
“蓝色多瑙河”,爆炸物
AN11/22,爆炸物
AN51/52,爆炸物
PДC-1/2/3,爆炸物
MR41,爆炸物
Mk系列,爆炸物
空射巡航导弹热核战斗部,爆炸物
WE177,爆炸物
Mk 4,爆炸物
M67,爆炸物
59式反步兵地雷,爆炸物
72式反步兵跳雷,爆炸物
58式反步兵地雷,爆炸物
九九式手榴弹,爆炸物
72式塑料壳反坦克地雷,爆炸物
66式反步兵定向地雷,爆炸物
GLD260,爆炸物
69式反步兵跳雷,爆炸物
GLD220,爆炸物
M18A1阔刀地雷,爆炸物
TMK－2,爆炸物
72式金属壳反坦克地雷,爆炸物
“小男孩”,爆炸物
W48,爆炸物
“胖子”,爆炸物
W44,爆炸物
W34,爆炸物
W25,爆炸物
W30,爆炸物
“红须”,爆炸物
MAHF1,爆炸物
DM24,爆炸物
“突击队员”,爆炸物
17/4C“巨型猎枪”,爆炸物
战区定向防御地雷,爆炸物
M72,爆炸物
GLD214,爆炸物
HPDF1,爆炸物
M14,爆炸物
MON-100,爆炸物
M25,爆炸物
MON-200,爆炸物
GLD150防步兵地雷,爆炸物
M24,爆炸物
AT－2,爆炸物
M19,爆炸物
BLU－91/B,爆炸物
L9A1,爆炸物
IMP,爆炸物
TCE/3－6,爆炸物
TM－46,爆炸物
FFV－028,爆炸物
PARM－1,爆炸物
FSA－ATM,爆炸物
SB－MV/T,爆炸物
B61,爆炸物
马特拉200/SFA,爆炸物
B43,爆炸物
GBU-27/28激光制导侵彻炸弹,爆炸物
GBU-15模式制导滑翔炸弹,爆炸物
B-28,爆炸物
KAB-500型精确制导炸弹,爆炸物
雷霆-2激光制导炸弹(LT-2),爆炸物
CBU-59/B子母炸弹,爆炸物
AGM-154“联合防区外武器”,爆炸物
增强X射线弹,爆炸物
“宝石路”系列激光制导炸弹,爆炸物
JDAM精确制导炸弹,爆炸物
XM-753,爆炸物
核电磁脉冲弹,爆炸物
W70-3,爆炸物
“黄太阳”,爆炸物
“北极星”,爆炸物
Mk/B系列,爆炸物
巡航导弹热核战斗部,爆炸物
53-65KE反舰鱼雷,爆炸物
洲际弹道导弹热核弹头,爆炸物
F17,爆炸物
冲击波弹,爆炸物
核爆激励X射线激光器,爆炸物
鱼-7反潜鱼雷（美版MK46),爆炸物
“蓝剑”,爆炸物
鱼-4型鱼雷,爆炸物
Mk 14型鱼雷,爆炸物
TP45,爆炸物
鱼-1型鱼雷,爆炸物
鱼-2型鱼雷,爆炸物
鱼-5型鱼雷,爆炸物
鱼-6型鱼雷,爆炸物
鱼-3型鱼雷,爆炸物
SUT,爆炸物
怪兽,爆炸物
阿塔普-1000,爆炸物
威布,爆炸物
250/500/1500/3000kg3型,爆炸物
塔尔1/2,爆炸物
250/500/1500/3000kg2型,爆炸物
斯布,爆炸物
姆伍-1,爆炸物
断头台（Guillotine）,爆炸物
超十字制动伞（SBRPS）,爆炸物
金字塔（Pyramid）,爆炸物
丹尼尔（Denel）,爆炸物
阿赛马（Aserma）,爆炸物
奥法尔（Opher）,爆炸物
姆德斯,爆炸物
РБK-500/БETАБ-25,爆炸物
B53,爆炸物
РБК-500/АО-2.5РТМ,爆炸物
КАБ-500КР,爆炸物
B57,爆炸物
КАБ-500Л,爆炸物
П-50T,爆炸物
ХАБ-250,爆炸物
A3,爆炸物
回天鱼雷,爆炸物
“魟鱼”,爆炸物
Mk50,爆炸物
Mk46,爆炸物
Mk44,爆炸物
65型,爆炸物
A244/S,爆炸物
MK20石眼式,爆炸物
BOLT-117 霹雳,爆炸物
Mk 80系列,爆炸物
迪兰达尔,爆炸物
CBU-87/B综合效应弹药子母炸弹,爆炸物
混凝土穿破者,爆炸物
“哈德斯”(HADES),爆炸物
РБK-500/ЗАБ-2.5ГP,爆炸物
巴普100,爆炸物
LU250EG-FT,爆炸物
GBU-39,爆炸物
РБK-500CПБЭ,爆炸物
FT-1,爆炸物
BLU-82滚球,爆炸物
MK84,爆炸物
南瓜炸弹,爆炸物
FT-3,爆炸物
BL755,爆炸物
CBU-55/B油气子母炸弹,爆炸物
250-4型,爆炸物
GPS,爆炸物
100-1型,爆炸物
250-3型,爆炸物
250-1型,爆炸物
GBU-57A/B,爆炸物
“天戈”系列激光制导炸弹,爆炸物
C4塑胶炸药,爆炸物
炸弹之母,爆炸物
“雷石”6（LS-6）制导滑翔炸弹,爆炸物
雷霆-3激光制导炸弹(LT-3),爆炸物
BLU-26/B,爆炸物
BLU-82 滚球,爆炸物
B-61核航空炸弹,爆炸物
飞腾5(FT-5)小直径精确制导炸弹,爆炸物
BLU-80/B,爆炸物
国产250高阻航空炸弹,爆炸物
7712激光制导炸弹,爆炸物
高脚柜,爆炸物
BSU-49/50/85/93,爆炸物
Mk-82蛇眼,爆炸物
BL-755型,爆炸物
BLU-3/B,爆炸物
MPR-500,爆炸物
滚筒炸弹/跳跃炸弹,爆炸物
AN602沙皇炸弹,爆炸物
РБK-500У/OФАБ-50УД,爆炸物
炸弹之父,爆炸物
加图尔(Gator)CBU-78/89子母雷,爆炸物
БЕТАБ-150ДС/500ШП,爆炸物
GBU-29/30制导炸弹,爆炸物
3Б-500ГД/ШМ,爆炸物
斯弗伍（SFW）CBU-97/B子母炸弹,爆炸物
白星眼（Walleye)电视制导炸弹,爆炸物
神剑MP22,爆炸物
КMГ-У /AO,爆炸物
巴特120,爆炸物
117/118型MK系列,爆炸物
250kg/400kg/1000kg,爆炸物
РБK-500/ПTАБ-1M,爆炸物
布姆400,爆炸物
卡斯卡德,爆炸物
贝加卢BLG66,爆炸物
БРAБ-200ЛС/220/500/1000,爆炸物
ФAБ-250/500ШЛ,爆炸物
ОФ3AБ-500,爆炸物
JP233,爆炸物
CBU-100/MK20石眼2,爆炸物
фAБ-M62,爆炸物
500/1000磅（227/454kg）MK系列,爆炸物
MK81/82Mod1 蛇眼,爆炸物
MK81/82/83/84,爆炸物
BLU-109/B 鼹鼠,爆炸物
B83,爆炸物
M117/118,爆炸物
BLU-97A/B 综合效应,爆炸物
BLU-24,爆炸物
C3B,爆炸物
CBU-24,爆炸物
天鲨（Skyshark）,爆炸物
威尔哥（Virgo）,爆炸物
BK-BR50/125/250/500,爆炸物
BRP/BRPS/FAS,爆炸物
КАБ-1500КР,爆炸物
КАБ-1500Л,爆炸物
AV-BP-250,爆炸物
塞伊（SEL）MK82/83/84,爆炸物
卡多恩MK81/82/83/84,爆炸物
AV-BAFG-120/250,爆炸物
阿布勒-250,爆炸物
AV-BI-220/250/375/400,爆炸物
布米330,爆炸物
巴尔布（BARB）,爆炸物
法马伊MK81/82/83/84,爆炸物
布尔法330,爆炸物
布耳,爆炸物
阿弗德斯,爆炸物
德伍斯-24/39,爆炸物
阿尔德,爆炸物
阿什,爆炸物
布尔普,爆炸物
布耳普斯,爆炸物
符布伍,爆炸物
阿尔法CB470,爆炸物
NTL90,爆炸物
虹鱼,爆炸物
Э45/Э53/АПСЭТ-95,爆炸物
“阿波尔”-2Э,爆炸物
TP42,爆炸物
海鳝,爆炸物
A-244/A-290,爆炸物
MU-90,爆炸物
L-4,爆炸物
TP43,爆炸物
G-RX-4,爆炸物
TP45,爆炸物
MK46,爆炸物
MK34/41,爆炸物
MK7/12/13/21/24/25/32,爆炸物
MK42/43,爆炸物
MK50,爆炸物
哈特托普操练鱼雷,爆炸物
Mk24,爆炸物
“米拉斯”舰潜导弹,爆炸物
SST-4,爆炸物
“伊卡拉”M1,爆炸物
Mk37-1,爆炸物
Mk-46,爆炸物
Mk48,爆炸物
A290,爆炸物
NT37F-2,爆炸物
89式,爆炸物
DM2A3,爆炸物
“矛鱼”,爆炸物
TP617,爆炸物
“玛拉丰”舰潜导弹,爆炸物
53-65KE反舰鱼雷,爆炸物
ET-52鱼雷,爆炸物
TEST-71反潜鱼雷,爆炸物
A184,爆炸物
PДC-6C,爆炸物
中国57/90/130mm系列,爆炸物
克尔夫7,爆炸物
C-13T,爆炸物
C-8KO/KOM,爆炸物
C-24Б,爆炸物
C-5(APC-57),爆炸物
说客70mm,爆炸物
富兹70,爆炸物
赫夫尔,爆炸物
海蛇怪70,爆炸物
妖怪AIR-2A/B,爆炸物
诅尼,爆炸物
TN90,爆炸物
潜地弹道导弹热核弹头,爆炸物
TN80/81,爆炸物
洲际弹道导弹热核弹头,爆炸物
TN60/61,爆炸物
“三叉戟”,爆炸物
海射巡航导弹热核战斗部,爆炸物
TN75/76,爆炸物
TN70/71,爆炸物
潜地弹道导弹热核弹头,爆炸物
斯纳布100,爆炸物
阿斯派德-1057,爆炸物
C-25ОФМ,爆炸物
多标枪68/100,爆炸物
斯纳布37,爆炸物
斯纳布68,爆炸物
博福斯135,爆炸物
HS 95手枪,枪械与单兵
HS 2000手枪,枪械与单兵
CZ100/101手枪,枪械与单兵
CZ 52手枪,枪械与单兵
CZ83手枪,枪械与单兵
雅利金“格拉奇”6P35手枪,枪械与单兵
CZ75手枪,枪械与单兵
92式手枪,枪械与单兵
“南部”14式,枪械与单兵
P117.62毫米水下手枪,枪械与单兵
9毫米P7M8和P＆M13手枪,枪械与单兵
EBP9毫米EP7手枪,枪械与单兵
联邦调查局（FBI）专用武器和战术手枪,枪械与单兵
美国海军陆战队MEU（SOC）0.45英寸手枪,枪械与单兵
瓦尔特9毫米P1型手枪,枪械与单兵
史密斯-韦森第3代9毫米手枪,枪械与单兵
格洛克26型手枪,枪械与单兵
斯太尔M1912手枪,枪械与单兵
史密斯-韦森第3代0.45英寸手枪,枪械与单兵
史密斯-韦森M39手枪,枪械与单兵
斯太尔SPP手枪,枪械与单兵
柯尔特政府型0.380英寸手枪,枪械与单兵
柯尔特M 1911/M 1911A1手枪,枪械与单兵
毛瑟1910/1934手枪,枪械与单兵
毛瑟HSC手枪,枪械与单兵
赫克勒-科赫SOCOM Mark 23M0d 0手枪,枪械与单兵
勃朗宁M1903手枪,枪械与单兵
斯普林菲尔德P9手枪,枪械与单兵
萨维奇手枪,枪械与单兵
赫克勒-科赫USP手枪,枪械与单兵
Fort 14 TP手枪,枪械与单兵
巴拉贝鲁姆P’08手枪,枪械与单兵
史密斯-韦森西格玛手枪,枪械与单兵
史密斯-韦森M59手枪,枪械与单兵
斯太尔M/S系列手枪,枪械与单兵
毛瑟M1912军用手枪,枪械与单兵
阿斯特拉A-75手枪,枪械与单兵
AMT Hardballer手枪,枪械与单兵
阿斯特拉A-100手枪,枪械与单兵
巴利斯特·莫利纳手枪,枪械与单兵
格洛克17型手枪,枪械与单兵
星式末格斯塔手枪,枪械与单兵
柯尔特双鹰手枪,枪械与单兵
鲁格GP100转轮手枪,枪械与单兵
西格-绍尔P228手枪,枪械与单兵
维尔德Mark1型手枪,枪械与单兵
IMBLE M973/MDl手枪,枪械与单兵
星式M40费尔斯塔手枪,枪械与单兵
鲁格警用6型转轮手枪,枪械与单兵
欧文•约翰逊安全自动转轮手枪,枪械与单兵
勃朗宁大威力Mark2手枪,枪械与单兵
0.45英寸1911A1型自动手枪,枪械与单兵
PA15 9毫米手枪,枪械与单兵
特种作战司令部（SOCOM）手枪,枪械与单兵
瓦尔特7.65毫米PP型手枪,枪械与单兵
瓦尔特9毫米P5型袖珍手枪,枪械与单兵
西格P225手枪,枪械与单兵
史密斯-韦森586/686转轮手枪,枪械与单兵
西格-绍尔P239手枪,枪械与单兵
帕拉军械公司P14手枪,枪械与单兵
阿尔克思94/98DA手枪,枪械与单兵
史密斯-韦森0.38/200英国制式转轮手枪,枪械与单兵
陶鲁斯PT52S手枪,枪械与单兵
史密斯-韦森M36官员专用转轮手枪,枪械与单兵
西格P210手枪,枪械与单兵
鲁格安全6型转轮手枪,枪械与单兵
西格-绍尔P229手枪,枪械与单兵
西格P220手枪,枪械与单兵
伯莱塔9毫米×19毫米92SB型手枪,枪械与单兵
9毫米FN BDA9手枪,枪械与单兵
斯太尔特种用途手枪（SPP）,枪械与单兵
FN赫斯塔尔5~7毫米五七手枪,枪械与单兵
FN9毫米大威力手枪,枪械与单兵
毛瑟C96,枪械与单兵
军用设备工业公司MDI0.45手枪,枪械与单兵
阿斯特拉A-50手枪,枪械与单兵
0.22RF85型匕首手枪,枪械与单兵
柯尔特巨蟒转轮手枪,枪械与单兵
柯尔特袖珍型转轮手枪,枪械与单兵
人民手枪,枪械与单兵
MP412 REX左轮手枪,枪械与单兵
Glock 17 手枪,枪械与单兵
阿斯特拉M900,枪械与单兵
勃朗宁大威力手枪,枪械与单兵
M1879,枪械与单兵
M9 手枪,枪械与单兵
9毫米×19毫米乌其手枪,枪械与单兵
80式冲锋手枪,枪械与单兵
CZ97B手枪,枪械与单兵
IMI 9杰里科(Jericho)手枪,枪械与单兵
MP-443乌鸦式手枪,枪械与单兵
54式手枪,枪械与单兵
丹•韦森转轮手枪,枪械与单兵
哈林顿-理查德森0.38英寸转轮手枪,枪械与单兵
阿斯特拉400手枪,枪械与单兵
大宇DP51手枪,枪械与单兵
西格P232手枪,枪械与单兵
西格P230手枪,枪械与单兵
普金斯-阿伦0.38英寸安全警用转轮手枪,枪械与单兵
维克托SP手枪,枪械与单兵
Kirrikale手枪,枪械与单兵
CZ100,枪械与单兵
HS95手枪,枪械与单兵
西格P226手枪,枪械与单兵
帕拉军工P14-45 0.45手枪,枪械与单兵
9毫米HS2000手枪,枪械与单兵
M70式手枪,枪械与单兵
司芬尼克斯AT2000/3000手枪,枪械与单兵
MTE224V和MTE224VA手枪,枪械与单兵
“凡安得”P-83手枪,枪械与单兵
9毫米K5手枪,枪械与单兵
伯莱塔93R型手枪,枪械与单兵
伯莱塔9毫米×19毫米92FS型自动装填手枪,枪械与单兵
7.62毫米PSS微声手枪,枪械与单兵
9毫米星式30M和30PK手枪,枪械与单兵
9毫米改进型马卡洛夫手枪PMM,枪械与单兵
阿斯特拉300手枪,枪械与单兵
阿斯特拉M960转轮手枪,枪械与单兵
柯尔特Mark IV 70/80系列手枪,枪械与单兵
鲁格标准型手枪,枪械与单兵
柯尔特军官用ACP/ACP LW手枪,枪械与单兵
赫克勒-科赫P9/P9S手枪,枪械与单兵
勃朗宁M1910手枪,枪械与单兵
Coonan手枪,枪械与单兵
鲁格P-85型手枪,枪械与单兵
赫克勒-科赫P7手枪,枪械与单兵
赫克勒-科赫HK4手枪,枪械与单兵
勃朗宁BDA380手枪,枪械与单兵
FN5-7手枪,枪械与单兵
阿斯特拉-卡迪克斯转轮手枪,枪械与单兵
俄罗斯M1895纳甘转轮手枪,枪械与单兵
阿斯特拉357警用转轮手枪,枪械与单兵
Lahti L-35手枪,枪械与单兵
魏劳奇 HW-9转轮手枪,枪械与单兵
马卡洛夫手枪,枪械与单兵
P-64手枪,枪械与单兵
波兰P-83式手枪,枪械与单兵
伯莱塔M951手枪,枪械与单兵
绍尔M38H手枪,枪械与单兵
拉德姆手枪,枪械与单兵
杰里科941式手枪,枪械与单兵
曼纽因MR73转轮手枪,枪械与单兵
陶鲁斯76转轮手枪,枪械与单兵
67式手枪,枪械与单兵
亚米纽斯M10转轮手枪,枪械与单兵
伯莱塔M84手枪,枪械与单兵
Liama Comanche转轮手枪,枪械与单兵
MAB PA-15手枪,枪械与单兵
史密斯-韦森安全无击锤转轮手枪,枪械与单兵
瓦尔特P5手枪,枪械与单兵
瓦尔特P38手枪,枪械与单兵
坦福利奥TA90手枪,枪械与单兵
瓦尔特PP手枪,枪械与单兵
瓦尔特P88手枪,枪械与单兵
史密斯-韦森手动退壳型转轮手枪,枪械与单兵
史密斯-韦森M29/629转轮手枪,枪械与单兵
瓦尔特PPK手枪,枪械与单兵
瓦尔特P99手枪,枪械与单兵
史密斯-韦森新世纪手动退壳型转轮手枪,枪械与单兵
史密斯-韦森625转轮手枪,枪械与单兵
史密斯-韦森M 1917转轮手枪,枪械与单兵
M60转轮手枪,枪械与单兵
沙漠之鹰手枪,枪械与单兵
史密斯-韦森军警用转轮手枪(M 10),枪械与单兵
解放者型手枪,枪械与单兵
0.455英寸MarkⅣ型转轮手枪,枪械与单兵
韦伯利Mark III型转轮手枪,枪械与单兵
恩菲尔德Mk I型转轮手枪,枪械与单兵
探险者转轮手枪,枪械与单兵
韦伯利0.455英寸MarkⅣ/V转轮手枪,枪械与单兵
柯尔特新型海军/陆军/海军陆战队转轮手枪,枪械与单兵
斗牛犬转轮手枪,枪械与单兵
柯尔特新制式转轮手枪,枪械与单兵
柯尔特蟒蛇转轮手枪,枪械与单兵
韦伯利0.455英寸WG型转轮手枪,枪械与单兵
韦伯利0.32英寸袖珍型转轮手枪,枪械与单兵
Ruby Extra转轮手枪,枪械与单兵
柯尔特特种侦探转轮手枪,枪械与单兵
柯尔特M1917转轮手枪,枪械与单兵
0.38英寸Mark IV型转轮手枪,枪械与单兵
柯尔特眼镜蛇转轮手枪,枪械与单兵
伯莱塔P×4“风暴”手枪,枪械与单兵
伯纳德利P-018,枪械与单兵
伯莱塔M93R手枪,枪械与单兵
PSM手枪,枪械与单兵
PSS微声手枪,枪械与单兵
SPP-1手枪,枪械与单兵
伯菜塔M92手枪,枪械与单兵
伯莱塔1934型手枪,枪械与单兵
弗兰基PA7、PA8E、PA8I式霰弹枪,枪械与单兵
伯奈利M4超级90霰弹枪,枪械与单兵
伯奈利M3可变式/M3T霰弹枪,枪械与单兵
伯奈利M1战术/战术M霰弹枪,枪械与单兵
尼奥斯戴德霰弹枪,枪械与单兵
FN警用霰弹枪,枪械与单兵
64式冲锋枪,枪械与单兵
SAF冲锋枪,枪械与单兵
斯特林L34A1冲锋枪,枪械与单兵
1985年式,枪械与单兵
大宇K7冲锋枪,枪械与单兵
赫克勒-科赫UMP冲锋枪,枪械与单兵
1985年式,枪械与单兵
pp2000冲锋枪,枪械与单兵
CBJ-MS冲锋枪,枪械与单兵
KRISS Vector冲锋枪,枪械与单兵
FBP冲锋枪,枪械与单兵
卢萨A2冲锋枪,枪械与单兵
P90TR冲锋枪,枪械与单兵
Bison-2冲锋枪,枪械与单兵
柯尔特冲锋枪,枪械与单兵
SR-2冲锋枪,枪械与单兵
斯特林冲锋枪,枪械与单兵
瓦尔特MPK/MPL冲锋枪,枪械与单兵
PPSH-41冲锋枪,枪械与单兵
PM-63（Wz63)冲锋枪,枪械与单兵
BXP冲锋枪,枪械与单兵
PM-84/98冲锋枪,枪械与单兵
KGP-9冲锋枪,枪械与单兵
CZ蝎式EVO 3 A1冲锋枪,枪械与单兵
MP38冲锋枪,枪械与单兵
UMP45冲锋枪,枪械与单兵
麦德森1946/1950型冲锋枪,枪械与单兵
JS9冲锋枪,枪械与单兵
Skorpion冲锋枪,枪械与单兵
CZ 25型冲锋枪,枪械与单兵
苏奥米M1931,枪械与单兵
卡尔•古斯塔夫45冲锋枪,枪械与单兵
阿格拉姆2000冲锋枪,枪械与单兵
ZAGI M91冲锋枪,枪械与单兵
鲁格MP-9冲锋枪,枪械与单兵
M3冲锋枪,枪械与单兵
ERO冲锋枪,枪械与单兵
56型冲锋枪,枪械与单兵
汤普森M1928/M1冲锋枪,枪械与单兵
赫克勒-科赫MP5K-PDW单兵自卫武器,枪械与单兵
司登Mark ⅡS冲锋枪,枪械与单兵
司登Mark 1冲锋枪,枪械与单兵
赫克勒-科赫MP5SD冲锋枪,枪械与单兵
英格拉姆轻型冲锋枪,枪械与单兵
司登Mark 2冲锋枪,枪械与单兵
乌齐冲锋枪,枪械与单兵
司登Mark V冲锋枪,枪械与单兵
伯莱塔12型冲锋枪,枪械与单兵
MGP-84冲锋枪,枪械与单兵
伯莱塔38/44型冲锋枪,枪械与单兵
PPS-43冲锋枪,枪械与单兵
赫克勒-科赫MP7单兵自卫武器,枪械与单兵
赫克勒-科赫MP5K冲锋枪,枪械与单兵
赫克勒-科赫MP5冲锋枪,枪械与单兵
星式Z-84冲锋枪,枪械与单兵
DS9A冲锋枪,枪械与单兵
玛特49冲锋枪,枪械与单兵
星式Z-62冲锋枪,枪械与单兵
萨纳77冲锋枪,枪械与单兵
97式霰弹枪(HAWK-12),枪械与单兵
温彻斯特M1887霰弹枪,枪械与单兵
北方工业98式霰弹枪,枪械与单兵
雷明登11-87霰弹枪,枪械与单兵
saiga-12 霰弹枪,枪械与单兵
Kel-Tec KSG霰弹枪,枪械与单兵
97式霰弹枪(HAWK-12),枪械与单兵
KS-23/KS-23M“特种卡宾枪,枪械与单兵
97式霰弹枪(HAWK-12),枪械与单兵
弗兰基SPAS15式霰弹枪,枪械与单兵
USAS12号自动霰弹枪,枪械与单兵
KS-23、KS-23M特种卡宾枪,枪械与单兵
K-50M冲锋枪,枪械与单兵
SAlGA-410霰弹枪,枪械与单兵
弗兰基SPAS12式霰弹枪,枪械与单兵
斯太尔MPi69冲锋枪,枪械与单兵
Arsenal石普卡冲锋枪,枪械与单兵
斯太尔AUG伞兵用冲锋枪,枪械与单兵
斯太尔-苏罗通MP34冲锋枪,枪械与单兵
维涅龙冲锋枪,枪械与单兵
布雷达37型重机枪,枪械与单兵
斯太尔TMP冲锋枪,枪械与单兵
MG34机枪,枪械与单兵
F1冲锋枪,枪械与单兵
日本99式机枪,枪械与单兵
赫斯塔尔P90冲锋枪,枪械与单兵
FMK Mod 2 冲锋枪,枪械与单兵
INSAS机枪,枪械与单兵
内格夫轻机枪,枪械与单兵
赫克勒-科赫HK21机枪,枪械与单兵
赫克勒-科赫HK13机枪,枪械与单兵
赫克勒-科赫MG4机枪,枪械与单兵
M249班用自动武器,枪械与单兵
布雷达30型轻机枪,枪械与单兵
MG42机枪,枪械与单兵
勃朗宁(大威力)1935型手枪,枪械与单兵
巴拉贝鲁P’08加长型手枪,枪械与单兵
莫斯伯格M9200A1式霰弹枪,枪械与单兵
C-MORE轻型霰弹枪系统,枪械与单兵
温彻斯特防卫者1300式霰弹枪,枪械与单兵
Ceiner Ultimate,枪械与单兵
雷明顿M870P霰弹枪,枪械与单兵
AS狙击步枪,枪械与单兵
赫克勒-科赫MSG90自动步枪,枪械与单兵
弥勒 0.38英寸特警用转轮手枪,枪械与单兵
Protecta转轮式霰弹枪,枪械与单兵
79式冲锋枪,枪械与单兵
柯尔特M1911/M1911A1手枪,枪械与单兵
64式手枪,枪械与单兵
杰帕德M3自动步枪,枪械与单兵
赫克勒-科赫PSG 1自动步枪,枪械与单兵
杰帕德M2/M2A1自动步枪,枪械与单兵
SR-99狙击步枪,枪械与单兵
PG M赫式忒Ⅱ步枪,枪械与单兵
FN 30-11狙击步枪,枪械与单兵
吉亚特FR-F1/FR-F2步枪,枪械与单兵
托卡M65-A308步枪,枪械与单兵
斯太尔-曼利夏SSG-69步枪,枪械与单兵
沙科TRG步枪,枪械与单兵
莫辛-纳甘步枪,枪械与单兵
九九式短步枪,枪械与单兵
西蒙诺夫SKS半自动步枪,枪械与单兵
FN 1949半自动步枪,枪械与单兵
玛斯Mle 1936,枪械与单兵
施密特-鲁宾M1931卡宾枪,枪械与单兵
克拉格-约根森步枪,枪械与单兵
曼利夏回转式枪机步枪,枪械与单兵
MAS-49自动步枪,枪械与单兵
曼利夏直拉式枪机步枪,枪械与单兵
三八式步枪,枪械与单兵
斯太尔Scout步枪,枪械与单兵
VZ58自动步枪,枪械与单兵
米尼冈M134机枪,枪械与单兵
Ultimax 100轻机枪,枪械与单兵
大宇K3机枪,枪械与单兵
96式轻机枪,枪械与单兵
VZ52自动步枪,枪械与单兵
维克托SS77枪机,枪械与单兵
RPK机枪,枪械与单兵
RPK-74机枪,枪械与单兵
马克沁1910机枪,枪械与单兵
杰格佳廖夫RPD机枪,枪械与单兵
杰格佳廖夫DT/DTM机枪,枪械与单兵
维克斯机枪,枪械与单兵
L86A1/L86A2轻型支援武器,枪械与单兵
勃朗宁M 1917机枪,枪械与单兵
赛特迈阿梅利机枪,枪械与单兵
阿尔蒂马克斯机枪,枪械与单兵
PK机枪,枪械与单兵
ClS 0.50英寸机枪,枪械与单兵
DShK机枪,枪械与单兵
RP-46机枪,枪械与单兵
杰格佳廖夫DPM机枪,枪械与单兵
NSV机枪,枪械与单兵
布伦机枪,枪械与单兵
门多萨RM2机枪,枪械与单兵
马克沁08/15机枪,枪械与单兵
查特勒尔特M1924/29机枪,枪械与单兵
杰格佳廖夫DP机枪,枪械与单兵
GAU19/A航空机枪,枪械与单兵
马克沁MG08机枪,枪械与单兵
M68 (Rachot)机枪,枪械与单兵
佳留诺夫SG43机枪,枪械与单兵
M60E3机枪,枪械与单兵
勃朗宁M2H B 0.50英寸机枪,枪械与单兵
勃朗宁M1919A6机枪,枪械与单兵
M60/M60E1机枪,枪械与单兵
休斯EX34链式机枪,枪械与单兵
M240B和M240G机枪,枪械与单兵
1981年式轻机枪,枪械与单兵
勃朗宁M1919A4机枪,枪械与单兵
三十节,枪械与单兵
大正11年式轻机枪,枪械与单兵
1975年式高射机枪,枪械与单兵
62式通用机枪,枪械与单兵
李·恩菲尔德SMLEMarkⅢ型步枪,枪械与单兵
TCIM,枪械与单兵
伯莱塔7.62mm,枪械与单兵
RSG-12式12号,枪械与单兵
M82A1M,枪械与单兵
M82A2,枪械与单兵
猎豹M1,枪械与单兵
巴雷特XM109-佩劳德,枪械与单兵
AWP,枪械与单兵
9毫米AS特种突击步枪,枪械与单兵
柯特尔5.56毫米AR-15/M16系列步枪,枪械与单兵
斯太尔5.56毫米AUG步枪,枪械与单兵
阿玛利特0.243毫米和7.62毫米AR-10B步枪,枪械与单兵
5.66毫米ASP水下突击步枪,枪械与单兵
5.56毫米G36突击步枪,枪械与单兵
SG550、SG551和SG552“突击队”突击步枪,枪械与单兵
A-91突击步枪,枪械与单兵
CB-98,枪械与单兵
V-94,枪械与单兵
MK11-0,枪械与单兵
CZ-700,枪械与单兵
FN30-11式,枪械与单兵
雷明登SR8,枪械与单兵
L115A3,枪械与单兵
西格-绍尔SSG-2000步枪,枪械与单兵
精确国际L96A1狙击步枪,枪械与单兵
西格-绍尔SSG-3000狙击步枪,枪械与单兵
伯莱塔狙击步枪,枪械与单兵
精确国际AW50F步枪,枪械与单兵
OSV-96狙击步枪,枪械与单兵
巴雷特Light Fifty M82A1狙击步枪,枪械与单兵
NM 149S狙击步枪,枪械与单兵
斯太尔SSG-04,枪械与单兵
德拉格诺夫SVD狙击步枪,枪械与单兵
杰帕德M1/M1A1步枪,枪械与单兵
PSG-1,枪械与单兵
NTW20/14.5反器材步枪,枪械与单兵
M110 SASS,枪械与单兵
SSG 550狙击手自动步枪,枪械与单兵
AEK-971突击步枪,枪械与单兵
cz805bren突击步枪,枪械与单兵
Kel-Tec RFB步枪,枪械与单兵
AN94自动步枪,枪械与单兵
FAMAS G25.56毫米突击步枪,枪械与单兵
M16A4自动步枪,枪械与单兵
KH2002（Khaybar）自动步枪,枪械与单兵
Mk14增强型战斗步枪,枪械与单兵
L和LC5.56毫米步枪,枪械与单兵
国产JS05式12.7MM狙击步枪,枪械与单兵
85式狙击步枪,枪械与单兵
FNC5.56毫米突击步枪,枪械与单兵
M99半自动狙击步枪,枪械与单兵
W03型12.7mm狙击步枪,枪械与单兵
sv98狙击步枪,枪械与单兵
Mk11式7.62毫米狙击步枪,枪械与单兵
m40a5狙击步枪,枪械与单兵
铁旅兵工厂M40系列狙击步枪,枪械与单兵
M39增强型精确射手步枪,枪械与单兵
97式5.56mm狙击步枪,枪械与单兵
AMR-2型12.7毫米狙击步枪,枪械与单兵
巴雷特M98B狙击步枪,枪械与单兵
QBU88式狙击步枪,枪械与单兵
JS 7.62mm 狙击步枪,枪械与单兵
AW“隐蔽型”狙击步枪,枪械与单兵
恩菲尔德执法者步枪,枪械与单兵
9毫米VSS微声狙击步枪,枪械与单兵
精准国际7.62毫米PM狙击步枪系统,枪械与单兵
赫克勒·科赫PSG 1自动步枪,枪械与单兵
贝尔塔95M型步枪,枪械与单兵
7.62毫米精确射手步枪（DMR）,枪械与单兵
精准国际7.62毫米AW猛击步枪,枪械与单兵
M40A1狙击步枪,枪械与单兵
帕克-黑尔M82步枪,枪械与单兵
W03型狙击步枪,枪械与单兵
FG42,枪械与单兵
K11,枪械与单兵
Zastava M76自动步枪,枪械与单兵
加利尔,枪械与单兵
布朗,枪械与单兵
M1918,枪械与单兵
NHM-91步枪,枪械与单兵
MAK-90步枪,枪械与单兵
QBZ97自动步枪,枪械与单兵
INSAS突击步枪,枪械与单兵
56-2式冲锋枪,枪械与单兵
L85A1/L85A2单兵武器,枪械与单兵
MP44自动步枪,枪械与单兵
FN 2000突击步枪,枪械与单兵
斯太尔-曼利夏AUG自动步枪,枪械与单兵
CQ突击步枪,枪械与单兵
SR88突击步枪,枪械与单兵
CQ-5.56毫米A卡宾枪,枪械与单兵
西格SG 540/542/543自动步枪,枪械与单兵
阿玛莱特AR-18自动步枪,枪械与单兵
西格SG 550/551(Stgw 90)自动步枪,枪械与单兵
扬曼AG42自动步枪,枪械与单兵
Stgw 57自动步枪,枪械与单兵
大宇K2突击步枪,枪械与单兵
维克托R4突击步枪,枪械与单兵
SAR 21突击步枪,枪械与单兵
勃朗宁自动步枪,枪械与单兵
AK5突击步枪,枪械与单兵
OTs-14“暴风”突击步枪,枪械与单兵
Zastava M80自动步枪,枪械与单兵
圣·巴巴拉CETME L型突击步枪,枪械与单兵
Zastava M70B1自动步枪,枪械与单兵
5.56毫米HK短突击步枪,枪械与单兵
卡拉什尼科夫AKS-74U自动步枪,枪械与单兵
SR88A突击步枪,枪械与单兵
APS突击步枪,枪械与单兵
贝尔突击步枪,枪械与单兵
AK-47突击步枪,枪械与单兵
塔沃尔突击步枪,枪械与单兵
AKM自动步枪,枪械与单兵
伯莱塔AR70/223自动步枪,枪械与单兵
伽利尔突击步枪,枪械与单兵
马盖尔卡宾枪,枪械与单兵
FN FNC自动步枪,枪械与单兵
FN FAL自动步枪,枪械与单兵
QBZ56C型短突击步枪,枪械与单兵
R5 RGP 卡宾枪,枪械与单兵
国产86S自动步枪,枪械与单兵
99式5.56mm自动步枪,枪械与单兵
63式自动步枪,枪械与单兵
1956-C式,枪械与单兵
MSBS Radon突击步枪,枪械与单兵
HKM27步兵自动步枪,枪械与单兵
ARX-160单兵武器,枪械与单兵
03式自动步枪,枪械与单兵
FAD无托突击步枪,枪械与单兵
FN SCAR突击步枪,枪械与单兵
AAC蜜獾式PDW突击步枪,枪械与单兵
SIG SG 553卡宾枪,枪械与单兵
AS Val微声自动步枪,枪械与单兵
FARA 83自动步枪,枪械与单兵
法玛斯自动步枪,枪械与单兵
HK 33E自动步枪,枪械与单兵
赫克勒-科赫G41自动步枪,枪械与单兵
赫克勒-科赫G3自动步枪,枪械与单兵
赫克勒-科赫G36自动步枪,枪械与单兵
萨科M90自动步枪,枪械与单兵
瓦尔梅特M76自动步枪,枪械与单兵
奥卡德狙击步枪,枪械与单兵
M24,枪械与单兵
SSG-3000,枪械与单兵
MK12,枪械与单兵
M40A3,枪械与单兵
M200狙击枪,枪械与单兵
M25,枪械与单兵
1953年式,枪械与单兵
M24式7.62mm,枪械与单兵
SR-9,枪械与单兵
罗巴QR2-F,枪械与单兵
巴雷特M90,枪械与单兵
M21,枪械与单兵
T65式,枪械与单兵
T86式,枪械与单兵
博斯,枪械与单兵
VSK-94,枪械与单兵
1954年式,枪械与单兵
八一式,枪械与单兵
“汉造”七九步枪,枪械与单兵
SG-550,枪械与单兵
TS M1891卡宾枪,枪械与单兵
ZB26式,枪械与单兵
毛瑟98k卡宾枪,枪械与单兵
Zastava M59/66自动步枪,枪械与单兵
毛瑟格韦尔98步枪,枪械与单兵
曼利夏-卡尔卡诺M1938步枪,枪械与单兵
李·恩菲尔德No.4步枪,枪械与单兵
ZH-29,枪械与单兵
德·里斯勒微声卡宾枪,枪械与单兵
斯普林菲尔德M1903步枪,枪械与单兵
鲁格M77步枪,枪械与单兵
恩菲尔德N0.2（P14型）步枪,枪械与单兵
李·恩菲尔德N0.5步枪,枪械与单兵
国产84S步枪,枪械与单兵
Pecheneg通用机枪,枪械与单兵
LSAT,枪械与单兵
1967年式,枪械与单兵
ZB37式,枪械与单兵
日本64式自动步枪,枪械与单兵
QJY88通用机枪,枪械与单兵
Ultimax 100轻机枪,枪械与单兵
97式突击步枪,枪械与单兵
56式突击步枪,枪械与单兵
日本89式突击步枪,枪械与单兵
卡拉什尼科夫1974(AK-74)突击步枪,枪械与单兵
95式步枪,枪械与单兵
AK-12突击步枪,枪械与单兵
赫克勒-科赫HK 416自动步枪,枪械与单兵
M4卡宾枪,枪械与单兵
81式自动步枪,枪械与单兵
勃朗宁M2HB 0.50英寸机枪,枪械与单兵
无线电遥控起爆器,枪械与单兵
巡逻包,枪械与单兵
LITE头戴式耳机,枪械与单兵
特种部队用Diveguard MK2遇险救助系统,枪械与单兵
BCBG格斗手套,枪械与单兵
用于乘船作战的浸身服,枪械与单兵
PLCE背包,枪械与单兵
伞兵头盔,枪械与单兵
“幻影”系列发送器,枪械与单兵
BCB极地手套,枪械与单兵
LASH头戴式耳机,枪械与单兵
安普吉特费尔班匕首,枪械与单兵
KCB77艾克洪索尼根刺刀,枪械与单兵
费尔班-赛克斯格斗匕首,枪械与单兵
Cyprus SF II格斗匕首,枪械与单兵
艾克洪索尼根马克3格斗匕首,枪械与单兵
SOG Scuba/Demo SSD99,枪械与单兵
艾克洪索尼根USM7刺刀,枪械与单兵
BCB弯刀,枪械与单兵
SOG RFB81 X-42 Recondo,枪械与单兵
05式特战服,枪械与单兵
新型阻燃特战服(武警),枪械与单兵
06式林地迷彩服,枪械与单兵
NRS侦察匕首,枪械与单兵
非制式迷彩服(武警),枪械与单兵
S37海豹突击队Knife2000匕首,枪械与单兵
DCU,枪械与单兵
雪地迷彩服,枪械与单兵
11式迷彩服（武警）,枪械与单兵
“马刀”袋子,枪械与单兵
海洋迷彩夏装,枪械与单兵
三款非制式迷彩服,枪械与单兵
林地斑点迷彩,枪械与单兵
03式荒漠迷彩,枪械与单兵
环境袜子系列,枪械与单兵
Secrette头戴式耳机,枪械与单兵
免遭窃听的小型手持式无线电,枪械与单兵
镁框架雪鞋,枪械与单兵
Cougarnet通信系统,枪械与单兵
“美洲狮2000”安全无线电,枪械与单兵
伞兵转换套件,枪械与单兵
小艇内部通信系统,枪械与单兵
奈特军械公司5.56毫米模块化武器系统,枪械与单兵
MK23消音器,枪械与单兵
FBP手枪消音器,枪械与单兵
“福克斯”AT,枪械与单兵
AN/PVS-7D GenⅢ夜视镜,枪械与单兵
M4A1室内近距离作战（CQB）武器,枪械与单兵
SOPS突击步枪消减器,枪械与单兵
空降攻击背包,枪械与单兵
Norge公司军用衬衫,枪械与单兵
比利时光学与精密仪器头戴式光学投射系统,枪械与单兵
比利时光学与精密仪器红外线激光目标指示器,枪械与单兵
泰利斯公司“松鸦”夜视镜,枪械与单兵
比利时光学与精密仪器公司全息夜视镜,枪械与单兵
伞兵空投包,枪械与单兵
泰利斯公司单目夜视镜,枪械与单兵
Portaguard手持式微波雷达地面监视系统,枪械与单兵
Irvin-GQ公司低空备用伞,枪械与单兵
4156沙漠靴,枪械与单兵
5850沙漠靴,枪械与单兵
突击队员防弹衣,枪械与单兵
飞标4,枪械与单兵
比利时轻型通用夜间观察系统,枪械与单兵
4155丛林靴,枪械与单兵
T系列装甲,枪械与单兵
GB7轻型沙漠靴,枪械与单兵
GB2战斗突击靴,枪械与单兵
BCB丛林靴,枪械与单兵
Lucie夜视镜,枪械与单兵
蜥蜴迷彩服,枪械与单兵
M65 ERDL迷彩服,枪械与单兵
M1948 ERDL迷彩服,枪械与单兵
伪装服（以草为主）,枪械与单兵
沙漠伪装服,枪械与单兵
全身全覆盖式伪装服,枪械与单兵
NWU,枪械与单兵
伪装服（麻绳和棉线编织）,枪械与单兵
07式特战迷彩服,枪械与单兵
实验斑点迷彩服B型,枪械与单兵
早期仿迷彩服,枪械与单兵
05式林地迷彩服,枪械与单兵
航自数码迷彩服(试装版),枪械与单兵
迷彩服I型(旧迷彩),枪械与单兵
橙色斑点迷彩服,枪械与单兵
三色干旱迷彩服,枪械与单兵
台湾海军陆战队甲式野战服,枪械与单兵
台湾海军陆战队改版(虎斑纹),枪械与单兵
实验点状式迷彩服,枪械与单兵
陆自沙漠迷彩服,枪械与单兵
台湾海军陆战队第一款迷彩服,枪械与单兵
斑点迷彩服,枪械与单兵
葡萄叶迷彩服,枪械与单兵
森林及消防迷彩服(武警),枪械与单兵
垂直条纹迷彩服,枪械与单兵
07式海洋数码迷彩服,枪械与单兵
几何迷彩服,枪械与单兵
04数码迷彩,枪械与单兵
石灰笔刷迷彩服,枪械与单兵
特警非制式迷彩服(武警),枪械与单兵
04式林地迷彩服,枪械与单兵
03式林地迷彩服,枪械与单兵
07式改版(武警),枪械与单兵
林地迷彩服,枪械与单兵
仿制美式三色沙漠迷彩服,枪械与单兵
05系列夏迷彩服(武警),枪械与单兵
07式迷彩服(武警),枪械与单兵
02式迷彩服,枪械与单兵
06系列迷彩服(武警),枪械与单兵
实验锯齿式迷彩服,枪械与单兵
西德变形虫模式迷彩服,枪械与单兵
航自野战迷彩服,枪械与单兵
点状迷彩（II型）,枪械与单兵
沙漠迷彩服,枪械与单兵
迷彩服III型,枪械与单兵
87式海洋迷彩服,枪械与单兵
航自新型迷彩服,枪械与单兵
东德土豆/印花迷彩服,枪械与单兵
台湾航特部丛林数位迷彩,枪械与单兵
东德三色变形虫迷彩服,枪械与单兵
台湾新式数位迷彩（通用）,枪械与单兵
台湾数位迷彩（测试版）,枪械与单兵
东德雨滴式迷彩服,枪械与单兵
台湾数位城镇迷彩服,枪械与单兵
台湾城镇迷彩服,枪械与单兵
叶片迷彩服,枪械与单兵
通用迷彩服,枪械与单兵
台湾空军新式横条纹迷彩,枪械与单兵
台湾空军新式十字纹迷彩,枪械与单兵
直纹蜥蜴迷彩服,枪械与单兵
台湾空军混纺直条纹迷彩,枪械与单兵
三色迷彩服,枪械与单兵
标准DPM迷彩服,枪械与单兵
台湾蓝色虎斑纹迷彩服,枪械与单兵
台湾陆军林地迷彩(早期版),枪械与单兵
台湾红色虎斑纹迷彩服,枪械与单兵
数码林地迷彩服,枪械与单兵
林地迷彩服,枪械与单兵
台湾陆军林地迷彩服,枪械与单兵
数字迷彩通用战斗服,枪械与单兵
87式城市迷彩服,枪械与单兵
西德雪地针松迷彩服,枪械与单兵
98式丛林迷彩服,枪械与单兵
西德Leibermuster模式迷彩服,枪械与单兵
99式海洋迷彩服,枪械与单兵
西德狙击手专用夹克,枪械与单兵
99式6色沙漠迷彩服,枪械与单兵
五色海洋迷彩服,枪械与单兵
西德陆军分裂式迷彩服,枪械与单兵
西德大格局分裂式迷彩服,枪械与单兵
西德沼泽式3型迷彩服,枪械与单兵
蓝色DPM迷彩服,枪械与单兵
97式迷彩作训服(武警),枪械与单兵
89四色林地迷彩服(武警),枪械与单兵
四色林地迷彩(武警),枪械与单兵
DPM迷彩服,枪械与单兵
87式迷彩作训服(武警),枪械与单兵
西德沼泽式2型/马什迷彩服,枪械与单兵
07式数码迷彩服,枪械与单兵
笔刷迷彩服,枪械与单兵
07式航空迷彩作训服,枪械与单兵
冬季迷彩服,枪械与单兵
07式空降迷彩服,枪械与单兵
新型迷彩夏作训,枪械与单兵
豌豆型(Dot pattern ),枪械与单兵
07式城市数码迷彩服,枪械与单兵
”雷柏“迷彩服,枪械与单兵
97式林地迷彩服,枪械与单兵
99式林地迷彩服,枪械与单兵
棕榈树(Palm tree),枪械与单兵
橡树叶(Oaklea),枪械与单兵
狙击手城市迷彩服,枪械与单兵
雾边(Blurred edge ),枪械与单兵
87式林地迷彩服,枪械与单兵
三色水波纹迷彩服,枪械与单兵
81式伪装衣（1985年产）,枪械与单兵
81式伪装衣（1988年产）,枪械与单兵
林地迷彩服,枪械与单兵
轮战部队自定迷彩,枪械与单兵
空降部队林地迷彩服,枪械与单兵
93年“碎石”迷彩服,枪械与单兵
81式伪装衣（1984年产）,枪械与单兵
碎石迷彩服,枪械与单兵
81式伪装衣（第1代）,枪械与单兵
空降部队荒漠迷彩服,枪械与单兵
81式伪装衣（第2代）,枪械与单兵
合成纤维四色林地迷彩服,枪械与单兵
碎花迷彩（又称小黄花迷彩）,枪械与单兵
早期四色林地迷彩,枪械与单兵
81式伪装衣（五色大叶）,枪械与单兵
84式双面迷彩服,枪械与单兵
89四色林地迷彩服（后期版）,枪械与单兵
仿美法迷彩服（测试）,枪械与单兵
仿美M65四色林地迷彩服,枪械与单兵
三色污点伪装衣,枪械与单兵
89式仿日四色林地迷彩服（早期版）,枪械与单兵
四色横纹林地迷彩服,枪械与单兵
二炮定制四色林地迷彩,枪械与单兵
新机专用夏布飞行服,枪械与单兵
VKK-15系代偿服,枪械与单兵
99式空降兵四色城市迷彩,枪械与单兵
西德岩石迷彩服,枪械与单兵
87式荒漠迷彩冬作训服,枪械与单兵
二炮仿美虎斑纹迷彩,枪械与单兵
试飞团定制迷彩服,枪械与单兵
制式侦察伪装服（防红外）,枪械与单兵
绿色叶片迷彩服套装,枪械与单兵
伪装网（麻绳编织）,枪械与单兵
阿米巴迷彩服,枪械与单兵
绿色叶片连体迷彩服,枪械与单兵
制式伪装网（防红外）,枪械与单兵
蓝色叶片连体迷彩服,枪械与单兵
伪装服（可附加植物）,枪械与单兵
伪装服（草原色调）,枪械与单兵
仿意大利迷彩版,枪械与单兵
三色林地迷彩服A,枪械与单兵
三色林地迷彩服B,枪械与单兵
迷彩跳伞服,枪械与单兵
棕色叶片迷彩服,枪械与单兵
“碎裂块”迷彩,枪械与单兵
双面雪地迷彩服,枪械与单兵
人体型(body pattern),枪械与单兵
陆自摩托兵迷彩,枪械与单兵
二式荒漠斑点迷彩服,枪械与单兵
沙漠迷彩服,枪械与单兵
丛林斑点迷彩服,枪械与单兵
热带伪装迷彩服,枪械与单兵
城市斑点迷彩服,枪械与单兵
山地迷彩服,枪械与单兵
海自数码迷彩服,枪械与单兵
上半身半覆盖式伪装服,枪械与单兵
黄色版连头套迷彩服,枪械与单兵
绿色版迷彩服,枪械与单兵
悬铃木（Plane tree）,枪械与单兵
ACU(UCP),枪械与单兵
狙击手自制伪装衣,枪械与单兵
OCP(Multicam),枪械与单兵
波浪网型沙漠伪装服,枪械与单兵
三色迷彩服,枪械与单兵
狙击手伪装服,枪械与单兵
新型雪地伪装服,枪械与单兵
伪装网（巾）,枪械与单兵
伪装服（尼龙或塑料）,枪械与单兵
迷彩网巾,枪械与单兵
制式仿生连体伪装服,枪械与单兵
制式仿生连体伪装服(林地/雪地),枪械与单兵
BDU,枪械与单兵
全身覆盖式伪装服（林地色调）,枪械与单兵
全身全覆盖式伪装服（非制式）,枪械与单兵
伪装服（枯草沙漠/雪地/林地）,枪械与单兵
全身全覆盖式伪装服,枪械与单兵
上半身半覆盖式伪装服,枪械与单兵
后半身全覆盖式伪装服,枪械与单兵
全身全覆盖式伪装服,枪械与单兵
ABU,枪械与单兵
蓑衣（椰树叶）,枪械与单兵
MCCUU (MARPAT),枪械与单兵
伪装衣,枪械与单兵
全身全覆盖式仿生伪装服,枪械与单兵
DBDU,枪械与单兵
上半身半覆盖式伪装服,枪械与单兵
上半身半覆盖式伪装衣,枪械与单兵
披风衣（以草伪装）,枪械与单兵
波浪网型伪装服,枪械与单兵
仿生伪装服,枪械与单兵
纵纹蜥蜴迷彩服,枪械与单兵
迷彩伪装网,枪械与单兵
波浪网型伪装服,枪械与单兵
通用4号迷彩服,枪械与单兵
伪装网巾,枪械与单兵
麻袋布伪装服,枪械与单兵
09年数码迷彩服,枪械与单兵
制式半活动叶片仿生伪装服,枪械与单兵
海军灰色数码迷彩服,枪械与单兵
伪装服（麻绳和棉线）,枪械与单兵
伪装服（麻绳、棉线及天然草）,枪械与单兵
波浪网型伪装服,枪械与单兵
虎纹斑迷彩服,枪械与单兵
猎鸭人式迷彩服,枪械与单兵
E式迷彩服,枪械与单兵
M1942 云块迷彩服,枪械与单兵
实验污点迷彩服,枪械与单兵
M1942 HBT双面迷彩服,枪械与单兵
M1942葡萄叶迷彩服,枪械与单兵
12年数码迷彩服,枪械与单兵
灰色数码迷彩服,枪械与单兵
带嵌入物冷湿环境手套,枪械与单兵
TP-1E/TP-2E防弹衣,枪械与单兵
CT400突击通信系统,枪械与单兵
EPS-21护目镜,枪械与单兵
带衬垫沙漠伪装外套和裤子,枪械与单兵
第二代拓展冷天气被服系统,枪械与单兵
葆旎（Bolle）护目镜,枪械与单兵
KillFlash,枪械与单兵
军用雨衣,枪械与单兵
“马刀”巡逻包,枪械与单兵
PTR349VHF/FM无线电台,枪械与单兵
“狞獾”（PRM 4740A）跳频手持式收发机,枪械与单兵
马钶特种部队战斗服,枪械与单兵
Alinco DJ-X10扫描接收机,枪械与单兵
A-Ⅲ型大空降背包,枪械与单兵
PTAC安全终端抗震数据终端,枪械与单兵
KY-189智能安全听筒,枪械与单兵
低空降落伞组,枪械与单兵
“精英”2000XC,枪械与单兵
BCB风镜,枪械与单兵
VIGY10海军监视系统,枪械与单兵
Irvin-GQ公司LLP MK 1低空降落伞,枪械与单兵
腰带包,枪械与单兵
OGVN6夜视双目镜,枪械与单兵
蛙鞋,枪械与单兵
90式迷彩步兵背包,枪械与单兵
马钶丛林靴,枪械与单兵
828式空降兵头盔,枪械与单兵
MATIS MP手持式第三代热成像仪,枪械与单兵
EL/S-e8811车载战术视频接受终端,枪械与单兵
特殊场合蛙人工具套件,枪械与单兵
军用袜,枪械与单兵
RM520/540无线收发机,枪械与单兵
塔迪兰公司HF-2000 HF无线电系统,枪械与单兵
UGO白天和夜间护目镜,枪械与单兵
空降攻击背包,枪械与单兵
马钶沙漠用靴,枪械与单兵
特种作战防水背包,枪械与单兵
空降部队帆布背包,枪械与单兵
A-Ⅲ医疗背包,枪械与单兵
END200型战斗武装袋,枪械与单兵
施玛篇头饰,枪械与单兵
PSP M31突击背心,枪械与单兵
CL-89,枪械与单兵
突击队战术护目镜,枪械与单兵
救护员水母衣,枪械与单兵
阿克顿ECW热靴,枪械与单兵
DPM防风罩衣,枪械与单兵
P302式防弹背心,枪械与单兵
Helimun直升机驾驶员的夜视系统,枪械与单兵
ECW衬里长筒靴,枪械与单兵
DPM伞兵罩衣,枪械与单兵
水兵作战背心,枪械与单兵
P1013外部露指手套,枪械与单兵
PF89式80毫米反坦克火箭,枪械与单兵
PF97式93毫米云爆火箭,枪械与单兵
用于监视行动的隐藏通信器,枪械与单兵
PF98式120毫米反坦克火箭,枪械与单兵
69式40毫米火箭筒,枪械与单兵
SMAW-D83mm火箭筒,枪械与单兵
标枪,枪械与单兵
70式62毫米反坦克火箭,枪械与单兵
79式70毫米微型反坦克火箭,枪械与单兵
51式90毫米火箭筒,枪械与单兵
56式40毫米火箭筒,枪械与单兵
AT4反坦克火箭筒,枪械与单兵
RPG-7火箭筒,枪械与单兵
Mk19-3,枪械与单兵
MM-1,枪械与单兵
HK69A1,枪械与单兵
C-90-C式90毫米火箭筒,枪械与单兵
RPG-18式,枪械与单兵
L6,枪械与单兵
GLF-90 多联榴弹发射器,枪械与单兵
美国M79式,枪械与单兵
M202式66毫米4管火箭筒,枪械与单兵
M79式,枪械与单兵
M57式,枪械与单兵
“卡尔·古斯塔夫”M2式84毫米,枪械与单兵
南非MGL40毫米榴弹发射器,枪械与单兵
“黄蜂”58式70毫米火箭筒,枪械与单兵
RPG-26式,枪械与单兵
RPG-29式,枪械与单兵
RPO-A式,枪械与单兵
“丘辟特”ACL-300式70毫米火箭筒,枪械与单兵
“希尔顿” 多用途榴弹发射器,枪械与单兵
“劳”80式94毫米火箭筒,枪械与单兵
“卡尔·古斯塔夫”M3式84毫米,枪械与单兵
40毫米3管火箭筒,枪械与单兵
B-300式82毫米火箭筒,枪械与单兵
“长矛”44毫米火箭筒,枪械与单兵
“前哨”81毫米火箭筒,枪械与单兵
“拳头弹”火箭筒,枪械与单兵
“铁拳”3式60毫米火箭筒,枪械与单兵
RPG-2式,枪械与单兵
“巴祖卡”,枪械与单兵
LRAC,枪械与单兵
RPG-75,枪械与单兵
M20式88.9毫米火箭筒,枪械与单兵
M65式88.9毫米火箭筒,枪械与单兵
ACL-APX,枪械与单兵
“弗格里”80毫米火箭筒,枪械与单兵
RBR-M80式,枪械与单兵
“阿帕杰克斯”智能火箭筒,枪械与单兵
RL-83,枪械与单兵
FT5式92毫米火箭筒,枪械与单兵
阿皮拉斯112mm火箭筒,枪械与单兵
M72式66毫米火箭筒,枪械与单兵
M320榴弹发射器,枪械与单兵
40毫米齐射榴弹发射器,枪械与单兵
XM174,枪械与单兵
QLZ87,枪械与单兵
GP-15,枪械与单兵
AGL40,枪械与单兵
M203,枪械与单兵
AGS-17,枪械与单兵
HK79,枪械与单兵
特龙德12.7mm机枪,火炮
UTMG,火炮
ADEN,火炮
SUU-11B/A 米尼冈,火炮
23mm 623型,火炮
M230链式航空机炮,火炮
MK20Rh202,火炮
CC420/630,火炮
M621,火炮
30毫米M230A1链式航空炮,火炮
Aermacchi-30mm,火炮
Aermacchi,火炮
HP-30,火炮
复仇者GAU－8/A,火炮
HC-23,火炮
9A-4273,火炮
MK11Mod5,火炮
H-37,火炮
30mm阿顿（ADEN）,火炮
火神M61,火炮
СППУ(SPPU)-22,火炮
米尼岗GAU－2A/M134,火炮
基亚特（GIAT）30-781/30-791,火炮
HMP,火炮
德发553式30毫米航空炮,火炮
M－39E,火炮
GAU－13/A,火炮
新型“阿登”30毫米航炮,火炮
MK.4Mod0,火炮
MK4/MK5,火炮
30mm德发（DEFA）,火炮
23mm 23-1/2型,火炮
EX－34链式,火炮
СППУ(SPPU)-6,火炮
奥利康（Oerlikon）KAA/KAD/KBA,火炮
HMP/MRL70,火炮
ГШ-6-30,火炮
ГШ-6-23,火炮
平衡者GAU－12/U,火炮
毛塞（Mauser）BK27,火炮
AV-8B 海鹞 GAU-12/U,火炮
基亚特（GIAT）M621,火炮
XM188E1,火炮
M230链式,火炮
УПК(UPK)-23-250,火炮
GE225,火炮
AM-23,火炮
XM214,火炮
ГШ-23,火炮
BRD,火炮
23mm 23-3型,火炮
HP-23,火炮
“德发”552式30毫米,火炮
“毛瑟”BK27式27毫米,火炮
GPU-5/A 火神,火炮
一式37毫米速射炮,火炮
九四式37毫米速射炮,火炮
86式122毫米榴弹炮,火炮
1909年式122毫米榴弹炮,火炮
96式150毫米野战榴弹炮,火炮
1910年式122毫米榴弹炮,火炮
54式152毫米榴弹炮,火炮
施耐德1917年式榴弹炮,火炮
86式152毫米加农炮,火炮
89式150毫米野战加农炮,火炮
92式105毫米野战加农炮,火炮
83式122毫米榴弹炮,火炮
95式75毫米野炮,火炮
96式150毫米重加农炮,火炮
大正十一年式37mm平射狙击炮,火炮
54式122毫米牵引榴弹炮,火炮
明治四十五年式加农炮,火炮
56式85毫米加农炮,火炮
大正十四年式野战加农炮,火炮
83式152毫米加农炮,火炮
A-19式加农炮,火炮
59式130毫米加农炮,火炮
M67式,火炮
M40式,火炮
L6式,火炮
60式,火炮
SPG-9式,火炮
75式105毫米无后坐力炮,火炮
试制81mm无后坐力炮,火炮
65式82毫米无后坐力炮,火炮
56-2式75毫米无后坐力炮,火炮
80式95毫米无后坐力炮,火炮
78式82毫米无后坐力炮,火炮
55式37毫米高炮,火炮
大正十一年式高射炮,火炮
74SD式37毫米双管高射炮,火炮
JP113式37毫米双管高射炮,火炮
85式23毫米双管高射炮,火炮
59式57毫米高射炮,火炮
72式85毫米高射炮,火炮
74式37毫米双管高射炮,火炮
65式37毫米双管高射炮,火炮
59式57毫米高射炮,火炮
M1897式,火炮
五式150mm高射炮,火炮
1986式100毫米反坦克炮,火炮
96式三联装25毫米高射炮,火炮
JPZ4-5 90毫米自行反坦克炮,火炮
M3,火炮
M1930 (1-K)37毫米反坦克炮,火炮
M1942 (M-42)45毫米反坦克炮,火炮
M1943 (ZiS-2)57毫米反坦克炮,火炮
PaK 36,火炮
86式100毫米滑膛反坦克炮,火炮
M1937 (53-K) 45毫米反坦克炮,火炮
一式47毫米反坦克炮,火炮
73式100毫米滑膛反坦克炮,火炮
76A式37毫米双管舰炮,火炮
AK-130型舰炮,火炮
20mmG1-2/GA-1,火炮
MAG58M7.62mm,火炮
试制二式57mm速射炮,火炮
DS30B型30毫米舰炮,火炮
MK38型25毫米舰炮,火炮
W1988,火炮
十字军战士,火炮
M101式105毫米榴弹炮,火炮
T69,火炮
4140式105毫米榴弹炮,火炮
M55式203毫米自行榴弹炮,火炮
SB155/39式155毫米榴弹炮,火炮
索尔塔姆M71式155毫米榴弹炮,火炮
2A36式“风信子”-B加农炮,火炮
2S5式“风信子”加农炮,火炮
240毫米K3重炮,火炮
F-22式师属加农炮,火炮
155mm1890年式加农炮,火炮
2S7式“芍药”加农炮,火炮
M109式155毫米自行榴弹炮,火炮
155mm1898年式加农炮,火炮
M1938式122毫米榴弹炮,火炮
M56式105毫米榴弹炮,火炮
D-30 122毫米榴弹炮,火炮
M102式105毫米榴弹炮,火炮
M114式155毫米榴弹炮,火炮
D-30A式122毫米榴弹炮,火炮
M50式155毫米榴弹炮,火炮
M116式75毫米榴弹炮,火炮
KS-19 M2式100毫米高射炮,火炮
M51式,火炮
“梅罗卡”20毫米高射炮,火炮
M118式,火炮
“特里尼蒂”40毫米自行高射炮,火炮
二式甲型20毫米高射机关炮,火炮
M42式,火炮
M55式,火炮
“布雷达”L70式40毫米,火炮
85式23毫米双管高射炮,火炮
3英寸1918年型高射炮,火炮
四式联装20毫米高射炮,火炮
ボ式40毫米高射机关炮,火炮
厄利空GDF-001式35毫米双管高射炮,火炮
二式乙型20毫米高射炮,火炮
DzSU-57-2式57毫米,火炮
厄利空GBI-AO1式25毫米高射炮,火炮
一式37毫米高射机关炮,火炮
98式20毫米高射机关炮,火炮
厄利空GBF-AOB式25毫米双管高射炮,火炮
厄利空GCF-BM2式35毫米双管自行高射炮,火炮
DzSU-23-4式23毫米,火炮
“博福斯”L/70式40毫米高射炮,火炮
厄利空GAI-BO1式20毫米高射炮,火炮
“博福斯”M/36L/60式40毫米高射炮,火炮
“博菲”40毫米高射炮,火炮
M53/59式,火炮
DzSU-23式23毫米双管高射炮,火炮
M1,火炮
ESDTA-25,火炮
AMX-13DCA式30毫米自行高射炮,火炮
T-92,火炮
AMX-30SA,火炮
M3-VDA,火炮
L70式40毫米高射炮,火炮
捷克S-60型57毫米高炮,火炮
“厄利肯”GDF-005高射炮,火炮
“火神”M167式,火炮
87式25毫米双联高炮,火炮
“吉麦格”25式,火炮
厄利空GDF-C02式,火炮
90式35毫米牵引式双管高射炮,火炮
88式75毫米高射炮,火炮
“桑托尔”20毫米双管高射炮,火炮
FK20-2式20毫米高射炮,火炮
1897/1917年型高射炮,火炮
P793式,火炮
大正十四年式高射炮,火炮
1897/1914年型高射炮,火炮
53T2式,火炮
博福斯57毫米舰炮,火炮
AK-1  76毫米舰炮,火炮
“奥托”紧凑型76毫米舰炮,火炮
MK8 114毫米舰炮,火炮
“奥托”紧凑型127毫米舰炮,火炮
Mk42,火炮
MK-7 406毫米3管舰炮,火炮
T-75 20毫米,火炮
KS-30式130毫米高射炮,火炮
“布雷达”紧凑型30毫米双管舰炮,火炮
S-60式57毫米高射炮,火炮
M134迷你炮(Minigun),火炮
M1939式37毫米高射炮,火炮
“埃默莱克”30式,火炮
“梅卡”90毫米反坦克炮,火炮
D-44式85毫米反坦克炮,火炮
17磅反坦克炮,火炮
6磅反坦克炮,火炮
M1939式85毫米高射炮,火炮
T-12式100毫米反坦克炮,火炮
ASU-57式57毫米,火炮
ASU-85式85毫米,火炮
B1“半人马座”105毫米自行反坦克炮,火炮
2A45M 125毫米反坦克炮,火炮
2S9式120毫米自行迫榴炮,火炮
155毫米机器人榴弹炮,火炮
150毫米S.IG.33步兵炮,火炮
75毫米IG37步兵炮,火炮
75毫米Le. IG 18步兵炮,火炮
M198式榴弹炮,火炮
M109A6式榴弹炮,火炮
75mm IG 42步兵炮,火炮
XM777式榴弹炮,火炮
T5式155毫米车载榴弹炮,火炮
M777榴弹炮,火炮
L118式榴弹炮,火炮
OB-25式团属野战炮,火炮
FH77B式155毫米榴弹炮,火炮
M48式76毫米榴弹炮,火炮
GC45,火炮
五式100mm重加农炮,火炮
ST155,火炮
G5式155毫米加农榴弹炮,火炮
GHN45,火炮
L119式榴弹炮,火炮
AUF1式155毫米自行榴弹炮,火炮
41式,火炮
D-20,火炮
蒂格2000,火炮
FH77A式155毫米榴弹炮,火炮
M-68,火炮
XT-69,火炮
SFH 18,火炮
FH88式榴弹炮,火炮
XT-86 155毫米,火炮
63甲式,火炮
T-65,火炮
FH70式榴弹炮,火炮
FH2000式榴弹炮,火炮
Б-4М型重榴弹炮（B-4M）,火炮
839P,火炮
85式122mm自行榴弹炮,火炮
团属野战炮,火炮
2A65式MCTA式榴弹炮,火炮
203毫米口径榴弹炮,火炮
明治四十五年式重榴弹炮,火炮
XT-86A1式榴弹炮,火炮
TR.F1式榴弹炮,火炮
1914年式150mm榴弹炮,火炮
85式(W86)122毫米榴弹炮,火炮
96式122毫米牵引式榴弹炮,火炮
LG1式榴弹炮,火炮
91式105毫米野炮,火炮
明治三十八年式野战炮,火炮
90式75毫米野炮,火炮
明治三十八年式野炮,火炮
四十一年式75毫米山炮,火炮
大正四年式150毫米野炮,火炮
94式75毫米山炮,火炮
明治三十八年野战炮,火炮
双37舰炮,火炮
61式双联装37mm舰炮,火炮
M-30式122毫米榴弹炮,火炮
M3M/P12.7mm,火炮
M1906式65毫米山炮,火炮
61式25毫米双管舰炮,火炮
AK-630M型30mm6管舰炮,火炮
奥利康（Oerlikon）35/1000,火炮
60式122毫米加农炮,火炮
PHZ89式122毫米火箭炮,火炮
WM-80式273毫米火箭炮,火炮
WS-1B式320毫米自行火箭炮,火炮
88式122毫米单管火箭炮,火炮
83式273mm履带式自行火箭炮,火炮
WS-2 多管火箭炮,火炮
四式400mm重火箭,火炮
90B122毫米多管火箭炮,火炮
BM-30龙卷风式,火炮
90A式122亳米轮式自行火箭炮,火炮
M41式90毫米坦克炮,火炮
U-5TS 115毫米坦克炮,火炮
四式203毫米重火箭,火炮
1985式107毫米火箭炮,火炮
60mm,火炮
L7式105毫米坦克炮,火炮
D-81TM 125毫米坦克炮,火炮
GIAT,火炮
D-10 100毫米坦克炮,火炮
1944式85毫米坦克炮,火炮
“豹”2,火炮
L11式120毫米坦克炮,火炮
PI-20式加榴炮,火炮
150mm K39加榴炮,火炮
4.17cm K18加榴炮,火炮
128毫米K44加榴炮,火炮
150毫米K18加榴炮,火炮
105mm s. K18加榴炮,火炮
210毫米K39/40加榴炮,火炮
240毫米K3加榴炮,火炮
PLL01型155毫米牵引式加农榴弹炮,火炮
W88式155毫米牵引加榴炮,火炮
GM-45式155毫米牵引加榴炮,火炮
90式60毫米迫击炮,火炮
66式152毫米加榴炮,火炮
PP89式100毫米迫击炮,火炮
PP89式60毫米轻迫击炮,火炮
W87式81毫米迫击炮,火炮
W84式82毫米中型迫击炮,火炮
97式90毫米轻迫击炮,火炮
W85式60毫米迫击炮,火炮
96式150毫米中迫击炮,火炮
1877年式279毫米迫击炮,火炮
PP87式82毫米迫击炮,火炮
W86式120毫米迫击炮,火炮
SH-1型155毫米车载火炮,火炮
94式90毫米轻迫击炮,火炮
280毫米利奥波德列车炮,火炮
75式火箭炮,火炮
“短尾雕”II式火箭炮,火炮
“菲洛斯”6式火箭炮,火炮
“雷霆2000”火箭炮,火炮
82式130毫米自行火箭炮,火炮
LAR-160式,火炮
“喀秋莎”,火炮
M270式火箭炮,火炮
“飓风”,火炮
BM-21式火箭炮,火炮
81式122毫米自行火箭炮,火炮
“菲洛斯”30式,火炮
RM70 122毫米火箭炮,火炮
70式130毫米自行火箭炮,火炮
81式107毫米自行火箭炮,火炮
63式130毫米自行火箭炮,火炮
BMD-20,火炮
63式107mm牵引式火箭炮,火炮
LAU-97式70毫米火箭炮,火炮
“阿斯特罗斯”Ⅱ式火箭炮,火炮
M224式60毫米迫击炮,火炮
M120式120毫米迫击炮,火炮
M29式81毫米迫击炮,火炮
索尔塔姆81毫米迫击炮,火炮
M30式107毫米迫击炮,火炮
索尔塔姆M65式120毫米迫击炮,火炮
索尔塔姆M66式160毫米迫击炮,火炮
M19式60毫米迫击炮,火炮
2S4式240毫米自行迫击炮,火炮
“龙火”120毫米迫击炮,火炮
71式100毫米迫击炮,火炮
AMS120毫米自行迫击炮,火炮
L9A1式51毫米迫击炮,火炮
67式82毫米迫击炮,火炮
“瓦西里克”82毫米,火炮
二式120毫米中迫击炮,火炮
93式60毫米迫击炮,火炮
55式120毫米迫击炮,火炮
56式160毫米迫击炮,火炮
63式60毫米迫击炮,火炮
63-1式60毫米迫击炮,火炮
64式120毫米迫击炮,火炮
w99式82毫米速射迫击炮,火炮
L-16式迫击炮,火炮
97式150毫米中迫击炮,火炮
ODE81式迫击炮,火炮
97式150毫米短迫击炮,火炮
T86式迫击炮,火炮
MKE-NT1式迫击炮,火炮
大正十一年式曲射步兵炮,火炮
97式81毫米曲射步兵炮,火炮
2.8cm Granatwerfer迫击炮,火炮
80式100毫米迫击炮,火炮
Granatwerfer 42迫击炮,火炮
埃及85mm迫击炮,火炮
ODE120式迫击炮,火炮
“黄鼠狼”II迫击炮,火炮
M65式,火炮
1A式,火炮
M59式,火炮
索尔塔姆M65,火炮
MO-120-RT-61,火炮
M82/224,火炮
索尔塔姆120毫米,火炮
SM-4,火炮
“巴黎”炮,火炮
D-74,火炮
M12,火炮
XT-81,火炮
81毫米,火炮
XT-86 120毫米,火炮
L16,火炮
T-75 81毫米,火炮
T-75  60毫米,火炮
31式,火炮
63式,火炮
62式,火炮
2C12“雪橇”迫击炮,火炮
“旋风”,火炮
“特鲁埃尔”3式,火炮
M-224式迫击炮,火炮
20式,火炮
MKE-UT1式迫击炮,火炮
“普利玛”,火炮
PF97式93毫米单兵云爆火箭,火炮
83式273毫米履带式自行火箭炮,火炮
PF-98式120毫米反坦克火箭,火炮
63式107毫米牵引式火箭炮,火炮
81式107毫米轮式自行火箭炮,火炮
85式130毫米自行火箭炮,火炮
“拉尔斯”火箭炮,火炮
“运动衫”30,火炮
“天盾”35阿海德,火炮
ADAM/HVSD,火炮
SA-N-11"嘎什坦“,火炮
“运动衫”25,火炮
“铠甲”-S1,火炮
“绍波尔”,火炮
“空中卫士/阿芒”,火炮
改进型“运动衫”,火炮
2S6,火炮
105毫米6X6轮式装甲突击炮,火炮
PLL05式120毫米自行迫榴炮,火炮
59-1式130毫米自行加农炮,火炮
PLZ45式155毫米自行加榴炮,火炮
W90式203毫米自行榴弹炮,火炮
PLZ89式122毫米自行榴弹炮,火炮
奥利康（Oerlikon）KCA,火炮
59式100毫米高射炮,火炮
PGZ-88式双管自行高炮,火炮
“飞虎”30毫米自行高炮,火炮
SUU-16/A 火神,火炮
PTZ89式120毫米自行反坦克炮,火炮
83式152毫米自行加榴炮,火炮
2S3式加榴炮,火炮
25mm阿顿（ADEN）,火炮
GAU-8A航炮,火炮
GAU－19/A12.7mm航空机枪,火炮
SUU-23/A 火神,火炮
阿格特,火炮
M197,火炮
CEM-1,火炮
意大利“奥托”高射炮,火炮
AS-90 自行榴弹炮,火炮
M109L47式榴弹炮,火炮
M109自行榴弹炮,火炮
克罗地亚“勇士”-30高炮,火炮
休斯34型,火炮
SP-70式榴弹炮,火炮
2S5式152毫米自行加榴炮,火炮
“火神”高射炮,火炮
M109A6“游侠”自行火炮,火炮
M52式榴弹炮,火炮
“野猫”高射炮,火炮
PzH2000 自行榴弹炮,火炮
MOBAT式榴弹炮,火炮
G6式加榴炮,火炮
ZSU-23-4式23毫米高炮,火炮
“神枪手”高射炮,火炮
2S19式加农炮,火炮
M44式榴弹炮,火炮
“约克中士”高射炮,火炮
95式25毫米自行高炮,火炮
“猎豹”高射炮,火炮
小松60式106毫米自行无后坐力炮,火炮
122 毫米自行榴弹炮,火炮
AS90式155毫米自行火炮,火炮
PLL-05自行迫击榴弹炮,火炮
70式122毫米自行榴弹炮,火炮
120毫米8×8轮式自行反坦克炮,火炮
Raad-2型155毫米自行火炮,火炮
GPU-2/A 火神,火炮
SH-2型122毫米车载榴弹炮,火炮
研2S1式“石竹”榴弹炮,火炮
87式双35自行高炮,火炮
M100型203毫米自行火炮,火炮
“普赖默斯”155毫米自行火炮,火炮
MkF3自行火炮,火炮
240毫米自行迫击炮M1975,火炮
83式自行火炮,火炮
M107型175毫米自行火炮,火炮
89型122毫米自行榴弹炮,火炮
85型自行火炮,火炮
155毫米“雷声”2型自行榴弹炮,火炮
PGZ-95自行高射炮,火炮
“石勒喀”23毫米自行高炮,火炮
122毫米“雷声”1型自行榴弹炮,火炮
AMX-10RC式反坦克炮,火炮
“章鱼”反坦克炮,火炮
87式100毫米6X6轮式自行反坦克炮,火炮
83式152毫米自行加榴炮,火炮
Raad-1型122毫米自行火炮/榴弹炮,火炮
2S31“静脉”120毫米自行迫榴炮,火炮
PLZ-07式自行榴弹炮,火炮
SO-120自行榴弹炮,火炮
75式155毫米自行火炮,火炮
凯撒155毫米自行火炮,火炮
L-33型155毫米自行火炮,火炮
2S1式自行火炮,火炮
M109A2型155毫米自行火炮,火炮
“克莱博”155毫米自行火炮,火炮
K9“雷电”自行火炮,火炮
70-1式自行榴弹炮,火炮
155毫米AS90自行火炮,火炮
“帕尔玛利亚”155毫米自行火炮,火炮
芬兰AMOS自行迫击炮,火炮
“大宇”高射炮,火炮
前苏联2C9“九度音”-C迫击炮,火炮
“奥托”高射炮,火炮
203毫米自行火炮M1975,火炮
2R2M式120毫米自行迫击炮,火炮
87式高射炮,火炮
BHIM式榴弹炮,火炮
96式迫击炮,火炮
105毫米8×8轮式自行突击炮,火炮
“帕尔玛利亚”榴弹炮,火炮
GCT式榴弹炮,火炮
M110A1式榴弹炮,火炮
75式榴弹炮,火炮
“厄利肯护卫者”高射炮,火炮
74式榴弹炮,火炮
AS90式榴弹炮,火炮
卡尔600毫米自行迫击炮,火炮
M109A3式榴弹炮,火炮
“阿伯特”榴弹炮,火炮
AMX13式高射炮,火炮
“阿伯特”榴弹炮,火炮
83式自行火炮,火炮
PLZ式05自行榴弹炮,火炮
80式57毫米自行高炮,火炮
朱雀天文卫星,太空装备
红外线天文卫星,太空装备
宇宙背景探测器（COBE）,太空装备
探索者1号,太空装备
哈勃太空望远镜,太空装备
Cluster Ⅱ,太空装备
Hipparcos (欧洲航天局),太空装备
极地冰盖探测卫星,太空装备
UARS高层大气研究卫星,太空装备
波浪号,太空装备
金牛座,太空装备
长征一号,太空装备
长征三号,太空装备
天箭号,太空装备
长征二号,太空装备
起飞1号,太空装备
沙维特,太空装备
联盟号,太空装备
极轨卫星运载火箭,太空装备
呼啸号,太空装备
旋风号,太空装备
天顶号,太空装备
欧罗巴,太空装备
长征四号,太空装备
长征六号,太空装备
织女星,太空装备
H-Ⅱ,太空装备
长征,太空装备
钻石,太空装备
能源号,太空装备
宇宙3M,太空装备
N-Ⅰ/N-Ⅱ,太空装备
N-1(G-1e/SL-15),太空装备
质子号,太空装备
广域红外探测器,太空装备
黑箭,太空装备
西弥斯,太空装备
詹姆斯·韦伯空间望远镜,太空装备
J-1,太空装备
对地静止卫星运载火箭,太空装备
M-V,太空装备
日地关系观测卫星,太空装备
威尔金森各向异性探测器,太空装备
国际伽玛射线天体物理实验室,太空装备
“双星”计划,太空装备
红外线宇宙天文台,太空装备
雨燕天文观测卫星,太空装备
太阳辐射和气候实验卫星,太空装备
TIMED大气观测卫星,太空装备
亚毫米波天文卫星,太空装备
伽利略号轨道卫星,太空装备
HETE-2,太空装备
GLAST,太空装备
重力探测器B,太空装备
赫谢尔,太空装备
ETS Ⅷ,太空装备
GALEX,太空装备
FUSE,太空装备
重力场恢复与气候实验卫星,太空装备
COROT,太空装备
罗西X射线时变探索者卫星,太空装备
磁顶到极光全球探测卫星成像器,太空装备
云探测卫星,太空装备
光亮号红外天文卫星,太空装备
斯必泽（Spitzer）太空望远镜,太空装备
尤里西斯,太空装备
太阳风,太空装备
卡西尼,太空装备
BepiColombo,太空装备
牛顿X射线多镜望远镜,太空装备
恒星微变与振荡（MOST）科学卫星,太空装备
AGILE,太空装备
新地平线,太空装备
猎鹰,太空装备
米诺陶,太空装备
飞马座XL,太空装备
阿特拉斯1号-3号,太空装备
神舟,太空装备
HTV（H-Ⅱ转移飞船）,太空装备
进步M,太空装备
东方1号,太空装备
水星-红石3,太空装备
神舟二号,太空装备
双子座3号,太空装备
阿波罗11号（Apoiio 11）(美国),太空装备
ATV（自动转移飞行器）,太空装备
第聂伯（Dnepr，SS-18/Satan，R-36M）,太空装备
上升号多人宇宙飞船,太空装备
神舟十号,太空装备
长征七号,太空装备
长征五号,太空装备
阿拉斯加航天基地,太空装备
阿特拉斯5,太空装备
德尔塔2,太空装备
德尔塔4,太空装备
阿丽亚娜5号,太空装备
阿丽亚娜1号-4号,太空装备
内之浦航天中心,太空装备
太原卫星发射中心,太空装备
达万航天中心,太空装备
斯沃博德内航天中心,太空装备
种子岛航天中心,太空装备
美国太空港,太空装备
普列谢茨克航天发射基地,太空装备
奥德赛海上发射平台,太空装备
卡瓦佳林发射场,太空装备
暴风雪（Buran）号航天飞机,太空装备
“欧罗巴2号”运载火箭的综合发射设施,太空装备
库鲁发射场,太空装备
航天飞机,太空装备
太空飞船1号,太空装备
神舟五号,太空装备
神舟三号,太空装备
神舟七号,太空装备
神舟八号,太空装备
神舟九号,太空装备
光子（Foton）无人驾驶飞船,太空装备
神舟六号,太空装备
神舟一号,太空装备
神舟四号,太空装备
卡纳维拉尔角空军机场,太空装备
阿尔坎塔拉发射中心,太空装备
酒泉卫星发射中心双城子,太空装备
西昌卫星发射中心,太空装备
文昌航天发射中心,太空装备
卡普斯京亚尔导弹发射场,太空装备
拜科努尔航天控制中心,太空装备
雷达卫星Radarsat,太空装备
TerraSAR-X雷达卫星,太空装备
山雀（Parus，Tsikada-M系统的军用型）,太空装备
SAR-Lupe雷达侦察卫星,太空装备
天网5（Skynet 5）军事通信卫星,太空装备
西克拉尔（Sicral）军事卫星系统,太空装备
Koreasat,太空装备
空间跟踪和监视系统（STSS，SBIRS-Low）,太空装备
Kompsat,太空装备
国防卫星通信系统（DSCS）,太空装备
国防支援计划（DSP）,太空装备
Oko（US-KS）卫星系统,太空装备
MSX中途空间试验卫星,太空装备
地平线（Ofeq）卫星系统,太空装备
TACSCATI,太空装备
科罗娜,太空装备
SBIRS（天基红外系统）,太空装备
Araks,太空装备
先进极高频AEHF,太空装备
COSMO-SkyMed,太空装备
DMSP国防气象卫星,太空装备
实践12号卫星,太空装备
实践4号卫星,太空装备
实践2号卫星,太空装备
阿蒂米斯中继卫星,太空装备
激光干涉仪空间天线开拓者,太空装备
PROBA卫星,太空装备
IKONOS,太空装备
隼,太空装备
实践1号卫星,太空装备
深空1号,太空装备
斯普特尼克2号,太空装备
轨道快车卫星,太空装备
实践8号卫星,太空装备
实践6号卫星,太空装备
实践11号卫星,太空装备
实践7号卫星,太空装备
实践5号卫星,太空装备
实践9号卫星,太空装备
印度空间研究组织（ISRO）,太空装备
美国国家航空航天局（NASA）,太空装备
俄罗斯联邦航天局（RKA/ROSKOSMOS）,太空装备
欧洲航天局（ESA）,太空装备
日本宇宙航空研究开发机构,太空装备
中国国家航天局(CNSA),太空装备
巴西航天局(AEB),太空装备
加拿大航天局（CSA）,太空装备
SOHO,太空装备
X射线天文台,太空装备
金星先锋1号,太空装备
流浪者7号,太空装备
日出,太空装备
Telstar 1,太空装备
Glonass 全球导航卫星系统,太空装备
斯普特尼克1号,太空装备
太阳神（Helios）,太空装备
CBERS,太空装备
泰罗斯1号,太空装备
CARTOSAT,太空装备
闪电（Molniya）卫星系统,太空装备
全球定位系统(GPS),太空装备
辛科姆1-3号,太空装备
遥感卫星1号,太空装备
风云2号,太空装备
联盟TMA,太空装备
金星9号,太空装备
月神3号,太空装备
海盗,太空装备
罗塞塔/菲莱,太空装备
RHESSI,太空装备
极光,太空装备
凤凰,太空装备
金星快车,太空装备
普朗克探测器,太空装备
月亮女神,太空装备
极光快速摄影探测卫星,太空装备
嫦娥一号,太空装备
Chandryaan-1,太空装备
鑫诺四号,太空装备
鑫诺六号,太空装备
开普勒太空望远镜,太空装备
遥感卫星5号,太空装备
Thuraya通信卫星,太空装备
XM Radio通信卫星,太空装备
格鲁达1号（Garuda-1，亚洲蜂窝卫星）,太空装备
遥感卫星14号,太空装备
OrbView轨道观测卫星,太空装备
NOAA POES气象卫星,太空装备
Superbird通信卫星,太空装备
鑫诺2号,太空装备
遥感卫星18号,太空装备
Thaicom通信卫星,太空装备
天狼星国际通信卫星,太空装备
遥感卫星17号,太空装备
TRMM热带降雨测量任务卫星,太空装备
TopSat微卫星,太空装备
Spaceway通信卫星,太空装备
TDRS通信卫星,太空装备
风云四号气象卫星,太空装备
Nahuel卫星通信系统,太空装备
New Skies通信卫星,太空装备
风云三号气象卫星,太空装备
地平线,太空装备
Hispasat,太空装备
信使,太空装备
阿拉伯（Arabsat）卫星,太空装备
北斗卫星导航系统,太空装备
东方红一号,太空装备
DIRECTV,太空装备
东方红三号,太空装备
Nilesat通信卫星,太空装备
东方红二号,太空装备
Nimiq通信卫星,太空装备
Orbcomm轨道通讯系统,太空装备
多功能传送卫星MTSAT,太空装备
快车（Express）通信卫星,太空装备
遥感卫星2号,太空装备
遥感卫星3号,太空装备
东方红五号,太空装备
银河（Gaiaxy）通信卫星,太空装备
遥感卫星4号,太空装备
欧洲之星1号通信卫星,太空装备
Eutelsat通信卫星,太空装备
中星（ChinaSat)通信卫星,太空装备
全球星,太空装备
遥感卫星13号,太空装备
东方红四号,太空装备
GIOVE,太空装备
Anik(加拿大电视卫星),太空装备
亚太（APSTAR）卫星,太空装备
欧洲遥感勘测卫星,太空装备
风云一号气象卫星,太空装备
中间层冰云高层大气物理学研究卫星,太空装备
大地,太空装备
科里奥利,太空装备
地球同步运行环境卫星,太空装备
向日葵,太空装备
“环境间谍”卫星,太空装备
詹森1号,太空装备
流星,太空装备
冰云和地面高度卫星,太空装备
印度遥感勘测卫星,太空装备
Meteosat/MSG,太空装备
灾难监视星座,太空装备
地球遥感观测卫星,太空装备
Measat通信卫星,太空装备
陆地卫星,太空装备
指南针2号,太空装备
Kalpana,太空装备
Aura,太空装备
水瓶座,太空装备
Americom(AMC)通信卫星,太空装备
CALIPSO,太空装备
Aqua,太空装备
AMOS通信卫星,太空装备
风云二号气象卫星,太空装备
AISAT地球遥感卫星,太空装备
Brasilsat 通信卫星,太空装备
JCSAT,太空装备
鑫诺一号,太空装备
印度国内卫星,太空装备
铱星系统,太空装备
B-SAT通信卫星,太空装备
ASTRA(国际)通信卫星,太空装备
热鸟,太空装备
ICO,太空装备
国际通信卫星公司,太空装备
SMOS,太空装备
国际海事卫星组织,太空装备
Topex/Poseidon海洋环流测量卫星,太空装备
环境1号,太空装备
SPOT,太空装备
亚洲卫星（AsiaSat）,太空装备
Terra对地观测卫星,太空装备
资源3号卫星,太空装备
遥感卫星11号,太空装备
资源2号卫星,太空装备
遥感卫星10号,太空装备
遥感卫星12号,太空装备
遥感卫星16号,太空装备
资源1号卫星,太空装备
Thor通信卫星,太空装备
遥感卫星8号,太空装备
遥感卫星15号,太空装备
鑫诺3号,太空装备
遥感卫星7号,太空装备
遥感卫星9号,太空装备
鑫诺五号,太空装备
拂晓号,太空装备
遥感卫星6号,太空装备
月球勘测轨道卫星,太空装备
惠更斯,太空装备
深度撞击,太空装备
乔托（Giotto）号探测器(欧洲）,太空装备
月神9号,太空装备
勘测者1号,太空装备
水手2号,太空装备
金星先锋2号,太空装备
国际日地探测卫星3号/国际彗星探测器,太空装备
月神16号,太空装备
织女（Vega）哈雷彗星探测器,太空装备
过渡区和日冕探测器,太空装备
星尘,太空装备
火星探路者,太空装备
磁尾探测卫星,太空装备
火星奥德赛,太空装备
火星全球勘测者,太空装备
火星探测漫游者,太空装备
伽利略号探测器,太空装备
火星勘测轨道卫星,太空装备
火星快成车,太空装备
月球号运载火箭,太空装备
麦哲伦,太空装备
起源号,太空装备
嫦娥三号,太空装备
起源号（Genesis）空间飞行器,太空装备
先驱者0号,太空装备
月球车2号,太空装备
印度火星飞船,太空装备
月球大气与风尘环境探测器,太空装备
月球车1号,太空装备
ACE,太空装备
嫦娥二号,太空装备
尼尔-舒梅克,太空装备
SMART-1,太空装备
水手9号,太空装备
水手4号,太空装备
月神17号,太空装备
先驱者10号,太空装备
航行者,太空装备
水手10号,太空装备
“玉兔号”月球车,太空装备
F-15E“打击鹰”,飞行器
F-15“鹰”,飞行器
F-16“战隼”,飞行器
FC-1“枭龙”/JF-17“雷电”,飞行器
苏-27战斗机,飞行器
LCA,飞行器
歼-31战斗机,飞行器
蚊蚋-750,飞行器
X-5,飞行器
X-2,飞行器
X-3,飞行器
X-20,飞行器
X-43,飞行器
X-4,飞行器
XFV-12,飞行器
波音X-37,飞行器
X-47A飞马,飞行器
纽堡17,飞行器
La-11,飞行器
拉-7,飞行器
拉-5,飞行器
La-9,飞行器
J2M雷电,飞行器
信天翁D．Ⅲ,飞行器
J1N1/2式,飞行器
F-82“双野马”,飞行器
FJ/F-1“狂怒”,飞行器
F-86D/K/L “佩刀猛犬”,飞行器
F-22“猛禽”,飞行器
F7U“弯刀”,飞行器
格鲁曼FF/SF,飞行器
EMB-314M（A-29）“超巨嘴鸟”,飞行器
EF2000“台风”,飞行器
F9F战斗机,飞行器
歼-7,飞行器
SE 5a/E,飞行器
FB-1战斗机,飞行器
XP-26“玩具枪”,飞行器
PW-9“追击者”,飞行器
AMX攻击战斗机,飞行器
“鹰”200,飞行器
“阵风”,飞行器
P-63“眼镜蛇王”,飞行器
F/A-18E/F/G“超级大黄蜂”,飞行器
P-39“空中眼镜蛇”,飞行器
P-59“空中彗星”,飞行器
“幻影”F1,飞行器
“幻影”2000,飞行器
“幻影”2000D/N,飞行器
苏-32/苏-33U/苏-34“后卫”,飞行器
F2B-1战斗机,飞行器
歼-10,飞行器
F4B-1战斗机,飞行器
“幻影”Ⅲ/5/50,飞行器
P-51A“野马”,飞行器
苏-35/苏-37“侧卫-E”,飞行器
歼-5战斗机,飞行器
AT-12“卫兵”,飞行器
苏-24“击剑手”,飞行器
米格-29“支点”,飞行器
歼-6系列战斗机,飞行器
歼-7系列战斗机,飞行器
歼-8系列战斗机,飞行器
格鲁曼F2F/F3F,飞行器
共和43“长矛”,飞行器
F-5E“虎II”,飞行器
F-84“雷电喷气”,飞行器
P-40“战斧”,飞行器
F-5A/B“自由战士”,飞行器
F6U“海盗船”,飞行器
P-40“战鹰/小鹰”,飞行器
F8U/F-8“十字军战士”,飞行器
MB-3,飞行器
F/RF-84F“雷电”,飞行器
F-105“雷公”,飞行器
F6F“泼妇”,飞行器
NA-50/-68和P-64,飞行器
F-100“超佩刀”,飞行器
F/A-18A-D“大黄蜂”,飞行器
F3D/F-10“空中骑士”,飞行器
F-117“夜鹰”,飞行器
F-89“蝎子”,飞行器
F4D/F-6“天光”,飞行器
FD/FH“鬼怪”,飞行器
F11F/F-11“虎”,飞行器
F-104“星战斗机”,飞行器
FR“火球”,飞行器
F-94“星火”,飞行器
F/RF/86A-H “佩刀”,飞行器
F9F-9“美洲狮”,飞行器
F-80/TO/TV“流星”,飞行器
F-15A-D“鹰”,飞行器
F-14“雄猫”,飞行器
P-35A,飞行器
F4U/FG-1“海盗”,飞行器
L-17/U-18“纳维翁”,飞行器
F3H/F-3“恶魔”,飞行器
F2H/F-2“女妖”,飞行器
F/RF-101E“魔术师”,飞行器
F-4“鬼怪Ⅱ”,飞行器
F-106“三角标枪”,飞行器
F4f/FM“野猫”,飞行器
P-47“雷电”,飞行器
F-102“三角剑”,飞行器
F7F“虎猫”,飞行器
P-61“黑寡妇”,飞行器
P-51D/K“野马”,飞行器
P-38“闪电”,飞行器
P-51B/C“野马”,飞行器
Ki-94-2,飞行器
Ki-96,飞行器
Ki-94-1,飞行器
雅克-38,飞行器
Ki-87,飞行器
J1N1-S月光,飞行器
Ki-84,飞行器
雅克-25,飞行器
Ki-83,飞行器
Hs 124,飞行器
J6K1阵风,飞行器
A2N/90式,飞行器
米格-1,飞行器
Ki-93,飞行器
J7W1震电,飞行器
J8M1秋水,飞行器
Ki-45屠龙/2式,飞行器
Ar 68,飞行器
XF-88巫毒,飞行器
A6M2-N/2式,飞行器
Me_263,飞行器
Ki-43隼/1式,飞行器
1MF/10式,飞行器
He 219,飞行器
Ki-201火龙,飞行器
J.I,飞行器
Bf 108,飞行器
Ki-49吞龙,飞行器
He 100,飞行器
Ho 229,飞行器
92式,飞行器
He 51,飞行器
海盗式战斗机,飞行器
雅克-15,飞行器
喷火（Spitfire）,飞行器
“管鼻燕”式舰载战斗机,飞行器
Ki-109,飞行器
13试,飞行器
Ki-10/95式,飞行器
雅克-28,飞行器
Ki-100/五式,飞行器
Ki-102/四式,飞行器
P1Y2-S,飞行器
歼-11B战斗机,飞行器
米格-25战斗机,飞行器
歼-7B/M型,飞行器
J-10B战斗机,飞行器
FW-190战斗机,飞行器
歼-11BS战斗机,飞行器
Ki-108,飞行器
Ki-98,飞行器
ME-109战斗机,飞行器
T-50,飞行器
歼-15,飞行器
Ki-61飞燕/三式,飞行器
歼-9战斗机,飞行器
歼-12战斗机,飞行器
苏-25改进型/苏-25TM/苏-39,飞行器
Ki-64,飞行器
89式,飞行器
Ki-60,飞行器
Ki-27/97式,飞行器
1MF10 七试,飞行器
Ki-44钟馗/2式,飞行器
9试,飞行器
Me 329,飞行器
F-16XL战隼,飞行器
梅花特殊攻击机（有人V1）,飞行器
橘花特殊攻击机,飞行器
F-1,飞行器
F-15J,飞行器
狂风式,飞行器
Me 265,飞行器
A6M,飞行器
He112,飞行器
N1K1-J紫电,飞行器
Ta 183,飞行器
Ta 152,飞行器
3式,飞行器
MXY7樱花,飞行器
N1K2-J紫电改,飞行器
F-2,飞行器
Me P.1101,飞行器
Me 210,飞行器
斯帕德S．Ⅶ,飞行器
A7M烈风,飞行器
S1A电光,飞行器
A5M,飞行器
Me 209,飞行器
拉格-3,飞行器
I-270,飞行器
拉格-1,飞行器
PZL P.24,飞行器
J4M极电（闪电）,飞行器
ATD-X,飞行器
J5N天雷,飞行器
Me-262,飞行器
苏-47,飞行器
米格-21,飞行器
苏-17装配匠,飞行器
米格-23,飞行器
苏-37,飞行器
MC.205-雷电,飞行器
米格-17,飞行器
PZL P.11,飞行器
I-153,飞行器
MC.202-雷电,飞行器
米格-19,飞行器
米格-15,飞行器
PZL P.7,飞行器
米格-9,飞行器
Re.2005战斗机,飞行器
IDF,飞行器
Re.2002战斗机,飞行器
AUT.18,飞行器
Me 209-II,飞行器
米格-35,飞行器
伊尔-10攻击机,飞行器
CW-21,飞行器
F-CK-1经国号,飞行器
萤火虫（Fairey Firefly）,飞行器
X-38,飞行器
CR.32,飞行器
苏-15,飞行器
X-15,飞行器
B7A流星,飞行器
弯刀（Scimitar）,飞行器
苍穹(Westland  Welkin)战斗机,飞行器
无畏式（Defiant）,飞行器
“流星”战斗机,飞行器
狂怒(Hawker Fury)战斗机,飞行器
雅克-141战斗机,飞行器
大鹏（Blackburn Roc）,飞行器
Gamecock“斗鸡”式战斗机,飞行器
雅克-1,飞行器
莽汉（Hotspur）,飞行器
蚋式（Folland Gnat）,飞行器
B-24贼鸥式（Skua）,飞行器
大黄蜂（Hornet）,飞行器
雅克-3,飞行器
鹰-75,飞行器
英俊战士（Beaufighter）,飞行器
骆驼（Sopwith Camel）,飞行器
海怒（Sea Fury）,飞行器
伊-15战斗机,飞行器
CR.32-箭式,飞行器
PZL P.6,飞行器
米格-3,飞行器
He 162,飞行器
PWS-10,飞行器
G.50-箭式,飞行器
飓风（Hurricane),飞行器
暴风式(Tempest),飞行器
CR.42-箭式,飞行器
MC.200-雷电,飞行器
G.55-人马座,飞行器
G.91,飞行器
雅克-17,飞行器
Dr.I,飞行器
Me 163,飞行器
Bf 110,飞行器
福克D．Ⅶ,飞行器
PZL P.1,飞行器
福克E．Ⅲ,飞行器
Ba.27,飞行器
Re.2000战斗机,飞行器
米格-31,飞行器
Me 410,飞行器
雅克-23,飞行器
米格-27/鞭挞者-D,飞行器
雅克-7,飞行器
雅克-9,飞行器
Re.2001战斗机,飞行器
I-330,飞行器
F-20虎鲨,飞行器
伊-16战斗机,飞行器
雅克-38战斗机,飞行器
幻影4000,飞行器
霍克II苍鹰,飞行器
AMCA,飞行器
F2A水牛,飞行器
F-15SE沉默鹰,飞行器
F-21幼狮,飞行器
纽波特17,飞行器
F-19,飞行器
斯帕德VII,飞行器
CL-1200/X-27枪骑兵,飞行器
YF-12,飞行器
里尔-35,飞行器
F-15 S/MTD,飞行器
X-35,飞行器
KF-X,飞行器
XF5F,飞行器
Saab-35龙,飞行器
JAS 39鹰狮,飞行器
XF-103,飞行器
YF-17,飞行器
XF13C,飞行器
XF-108轻剑,飞行器
YF-23,飞行器
F9C,飞行器
米格-1.44,飞行器
XF-85小鬼,飞行器
P-43枪骑兵,飞行器
P-36,飞行器
P-26,飞行器
寇蒂斯公司N-9,飞行器
PT/NS“西点军校生”,飞行器
“F飞船”,飞行器
A-1“推进者”,飞行器
波音C/C-1F型,飞行器
T-1A“苍鹰”,飞行器
比奇T-42“科奇斯”,飞行器
比奇T-34“导师”,飞行器
艾尔马林39A/B,飞行器
T-34C“涡轮导师”,飞行器
艾尔马林40F,飞行器
CM.170教师,飞行器
雅克-18,飞行器
雅克-54,飞行器
雅克-210,飞行器
雅克-55,飞行器
雅克-200,飞行器
T-28“特洛伊人/游牧民”,飞行器
T-33/TV-2,飞行器
T-6“德克萨斯人”Ⅱ,飞行器
CN-235M,飞行器
PC-21,飞行器
PC-7“涡轮教练”,飞行器
PC-9“高级涡轮教练”,飞行器
CT4“空中教练”,飞行器
BAE（HAS）“鹰”50/60/100,飞行器
萨博105/Sk 60,飞行器
TB-30,飞行器
l15“猎鹰”,飞行器
PA-44“塞米诺”,飞行器
马基（阿莱尼亚）M-311,飞行器
T-50（TA-50）“金鹰”,飞行器
KT-1“雄蜂”,飞行器
川崎T-4,飞行器
IA 63/AT-63“潘帕人”,飞行器
HJT-36“星”,飞行器
比格尔“斗牛犬”120,飞行器
C-101“航空喷气”,飞行器
T-37“鸣鸟”,飞行器
达索/多尼尔“阿尔法喷气”,飞行器
HJT-16“光线”,飞行器
T-35“魔鬼”,飞行器
T-41“梅斯卡勒罗人”,飞行器
AT-8/17/UC-78“短尾猫”,飞行器
PQ-14/TD2C-1,飞行器
AT-9,飞行器
BC/AT-6/SNJ“德克萨斯人”,飞行器
T-6A“德克萨斯人II”,飞行器
AT-21“机枪手”,飞行器
T-47/UC-35“奖状”,飞行器
A-8/PQ-8/TOC-2,飞行器
T-38“禽爪”,飞行器
T-2“橡树”,飞行器
T-39 “佩刀客”,飞行器
轰运教7,飞行器
Q5J—强击教练机,飞行器
运教5,飞行器
轰教5,飞行器
教-11（K-8）,飞行器
歼教-7型,飞行器
教-8（K-8）“雄鹰”,飞行器
歼教1,飞行器
歼教5,飞行器
歼教-2,飞行器
初教-6,飞行器
初教-5,飞行器
BT-9/14和NJ-1,飞行器
PT-16/20/21/22和NR-1“补充兵”,飞行器
海军飞机制造厂N3N,飞行器
雅克-32,飞行器
N2T“导师”,飞行器
沃多霍迪L-39/L-139/L-59/L-159,飞行器
P2M/P3M,飞行器
PT-19/23/26“康奈尔”,飞行器
VE-7/9,飞行器
NP,飞行器
雅克-53,飞行器
雅克-50,飞行器
T-37“鸣叫”和A/QA-37“龙蝇”,飞行器
雅克-30,飞行器
BT-13/15和SNV-1/2“勇士”,飞行器
T/CT-43和T-40“快船”,飞行器
雅克-11,飞行器
雅克-52,飞行器
鹰式(Hawk),飞行器
UT-2,飞行器
虎蛾式（Tiger Moth）,飞行器
MAKO,飞行器
沃多霍迪L-29“海豚”,飞行器
UT-1,飞行器
S-312巨嘴鸟(Tucano),飞行器
T-1,飞行器
CM-170,飞行器
马基（SIAI-马歇蒂）SF.260,飞行器
马基（阿莱尼亚)MB-346,飞行器
IAR-99“鹰”,飞行器
BAC(BAE)167“攻击霸主”,飞行器
马基(阿菜尼亚)MB-339,飞行器
MFI-17“支持者”,飞行器
洛克希德AT/T-33,飞行器
马基（阿莱尼亚）MB-326,飞行器
雅克-130,飞行器
初教-6A,飞行器
G-4 “超海鸥”,飞行器
T2V/T-1“海星”,飞行器
三菱T-2,飞行器
JL9“山鹰”,飞行器
波音公司NB-1,飞行器
米格-AT,飞行器
T-67 ”萤火虫“,飞行器
T-45 “苍鹰”,飞行器
EMB-312 “巨嘴鸟”,飞行器
JN-4“詹尼”,飞行器
BAe Jetstream31,飞行器
齐柏林飞艇,飞行器
EMB-110先锋,飞行器
道格拉斯DC-3,飞行器
EMB-120巴西利亚,飞行器
比奇1900,飞行器
比奇 99,飞行器
多尼尔328JET,飞行器
运-12,飞行器
运-12F轻型多用途飞机,飞行器
SR-71,飞行器
YO-3A,飞行器
运-12Ⅲ型飞机,飞行器
运-12II型飞机,飞行器
运-12IV型飞机,飞行器
P4M“莫卡托”,飞行器
U-2/TR-1,飞行器
OV-1“莫霍克”,飞行器
P2V/P-2“海王星”,飞行器
OJ-2侦察机,飞行器
BD-100“挑战者”300,飞行器
Learjet 31,飞行器
IAI1124西风,飞行器
霍克4000,飞行器
Learjet 23,飞行器
PZL-104Wilga,飞行器
DR400“小王子”,飞行器
Robin HR100/R1180,飞行器
比奇“空中国王”200/300,飞行器
达索“猎鹰”2000,飞行器
达索“猎鹰”7X,飞行器
达索“猎鹰”900,飞行器
比奇“空中国王”90/100,飞行器
“湾流”IV/G300/G350/G400/G450,飞行器
“湾流”V/G500/G550,飞行器
比奇“空中国王”350,飞行器
“日蚀”500,飞行器
Ki-74,飞行器
比奇390“首相”I,飞行器
EMB-121“新谷”,飞行器
Ki-70,飞行器
E13A/0式,飞行器
C1M/10式,飞行器
BD-700“全球快车”,飞行器
95式,飞行器
Do 24,飞行器
Fw 200,飞行器
Fw 189,飞行器
ki-4/94式侦察机,飞行器
塞斯纳401/402/411,飞行器
达索“猎鹰”50,飞行器
塞斯纳414“校长”,飞行器
达索“猎鹰”20/200,飞行器
以色列飞机工业公司“阿拉瓦”,飞行器
达索“猎鹰”10/100,飞行器
90式2号,飞行器
Fi-156,飞行器
塞斯纳404“巨人”,飞行器
CL-600“挑战者”,飞行器
米格-110,飞行器
茲林Z-37,飞行器
Helio“信使”,飞行器
寇蒂斯-R3C,飞行器
塞斯纳421“金鹰”,飞行器
奖状-10,飞行器
塞斯纳425“海盗”/“征服”l,飞行器
KC-100,飞行器
塞斯纳-170,飞行器
塞斯纳天空大师,飞行器
银河G200,飞行器
霍克400,飞行器
G-159“湾流”Ⅰ,飞行器
雅克-18T,飞行器
霍克1000,飞行器
Ar 196,飞行器
G-1159“湾流”Ⅱ/Ⅲ,飞行器
“哨兵”R.1,飞行器
延安二号,飞行器
U-2S,飞行器
C6N彩云,飞行器
L-4“蚱蜢”,飞行器
UO/FU,飞行器
SocataTB“坦皮科”,飞行器
O-19,飞行器
T3M/T4M,飞行器
“信使”M-1/MAT,飞行器
安-30,飞行器
O-47,飞行器
PA-28R“切诺基·箭”,飞行器
RC-135战略侦察机,飞行器
PA-30/39“双科曼奇”,飞行器
横厂式,飞行器
Vicker.Warwick,飞行器
F1M2/零式,飞行器
Learjet 55,飞行器
Socata GY“地平线”,飞行器
Learjet 35,飞行器
PA-34“塞内卡人”,飞行器
SlAl-马歇蒂S.205/S.208,飞行器
“指挥官”112/114,飞行器
Learjet45,飞行器
PA-32“切诺基·六”,飞行器
Socata MS“拉力俱乐部”,飞行器
T-CH-1,飞行器
Arado系列,飞行器
八八式,飞行器
ki-15/97式,飞行器
E16A瑞云,飞行器
九二式,飞行器
R2Y景云,飞行器
ki-46/百式,飞行器
ki-36/98式,飞行器
OS2U“翠鸟”,飞行器
L-13,飞行器
L-19/O-1“飞狗”,飞行器
O2U“海盗”,飞行器
O-49/L-1“警戒”,飞行器
O3U/SU“海盗”,飞行器
O-57/L-2“蚱蜢”,飞行器
O-62/L-5/OY“哨兵”,飞行器
UC-81/AT-19“信赖”,飞行器
O-2“超级空中霸主”,飞行器
L-27/U-3,飞行器
SC“海鹰”,飞行器
雅克-58,飞行器
兹林Z-50,飞行器
贝兰卡17“北欧海盗”,飞行器
雅克-10,飞行器
雅克-27 闪光C,飞行器
波-2/乌-2,飞行器
比奇76“公爵夫人”,飞行器
塞斯纳310/320“高空骑士”,飞行器
比奇60“公爵”,飞行器
塞斯纳336/337,飞行器
比奇T36“涡轮富源”,飞行器
比奇V35“富源”,飞行器
西锐SR20/SR22,飞行器
比奇55“男爵”,飞行器
塞斯纳335/340,飞行器
钻石DA40“钻石之星”,飞行器
比奇23 Musketeer,飞行器
比奇33Debonair“富源”,飞行器
钻石DA42“双子星”,飞行器
ExtraEA-400/EA-500,飞行器
AA-5“旅行者”/“印度豹”/“虎”,飞行器
Sino Swearingen SJ30,飞行器
富士FA-200“航空斯巴鲁”,飞行器
Aero Boero公司 AB95,飞行器
He 70,飞行器
伊尔-103,飞行器
Lake LA-4海盗/背叛者,飞行器
罗克韦尔“佩刀客机”,飞行器
兹林Z-26,飞行器
Piper（泰德·史密斯）600 Aerostar,飞行器
GA-7“美洲狮”,飞行器
US-1A/US-2,飞行器
塞斯纳177“北美红雀”,飞行器
A310 MRTT,飞行器
波音C-135系列,飞行器
蛟龙600,飞行器
塞斯纳210“百夫长”,飞行器
塞斯纳172“天鹰”,飞行器
塞斯纳T303“十字军战士”,飞行器
塞斯纳182“高空走廊”,飞行器
塞斯纳180“ 高空马车”,飞行器
塞斯纳205“超级高空马车”,飞行器
兹林Z-Xll,飞行器
Lancair/哥伦比亚飞机公司哥伦比亚,飞行器
莱格赛600,飞行器
Piper PA-42“夏安人”Ⅲ,飞行器
Maule M-4/M-77M9,飞行器
L-200“摩拉瓦河”,飞行器
Piper PA-31“纳瓦霍人”,飞行器
Piper PA-46 “马利布-幻影”,飞行器
Piper PA-31T“夏安人”,飞行器
PA-24“科曼奇”,飞行器
PA-23阿帕奇/阿兹特克,飞行器
PA-28“切诺基”,飞行器
Mooney M20J/S,飞行器
Mooney M20A/G,飞行器
O-58/L-3蚱蜢,飞行器
U-21“犹他人”和T-44“飞马”,飞行器
U/QU-22,飞行器
F-5L巡逻机,飞行器
YC-43“旅行家”,飞行器
伊尔-114,飞行器
ARJ21,飞行器
运-12E型飞机,飞行器
运-8F200,飞行器
波音737-600/700/800/900,飞行器
空中客机A318,飞行器
运-8D/DI/DII,飞行器
新舟600,飞行器
新舟700,飞行器
“新舟”60涡桨支线飞机,飞行器
E-6B“水星”,飞行器
E-3“望楼”AWACS,飞行器
SSJ-100,飞行器
E-2鹰眼预警机,飞行器
波音737 AEW＆C,飞行器
MRJ,飞行器
A-50空中预警机,飞行器
C-295中程预警机,飞行器
空警一号,飞行器
ZDK-03型预警机,飞行器
E-4/VC-25,飞行器
运-8J海上警戒机,飞行器
Y8J空中警戒机,飞行器
空警200型早期预警机,飞行器
Be-200“牵牛星”,飞行器
塞斯纳560“奖状”V,飞行器
塞斯纳560XL“奖状优胜”,飞行器
Be-103,飞行器
比奇65 “空中女王”,飞行器
安-28,飞行器
Quest“科迪亚克”,飞行器
塞斯纳650“奖状”III,飞行器
L-410 Turbolet,飞行器
吉普斯兰GA8“空中货车”,飞行器
Grob SPn,飞行器
塞斯纳441“征服”Ⅱ,飞行器
Ae-270幽灵,飞行器
塞斯纳500“奖状”Ⅰ,飞行器
德·哈维兰DHC-2“海狸”,飞行器
GAF“牧民”,飞行器
多尼尔228,飞行器
塞斯纳680“君主”,飞行器
德·哈维兰DHC-6“双水獭”,飞行器
F406“大篷车”Ⅱ,飞行器
德·哈维兰DHC-3“水獭”,飞行器
安-38,飞行器
罗克韦尔涡轮指挥官/Jetprop,飞行器
T-101Grach,飞行器
P68“观察者”,飞行器
肖特330,飞行器
安-2 “小马”,飞行器
霍克800/900,飞行器
阿斯特拉G100/G150,飞行器
亚当A500,飞行器
TBM700/850,飞行器
SN601“轻巡洋舰”,飞行器
亚当A700,飞行器
BAe 125,飞行器
波音737,飞行器
波音737-300/400/500,飞行器
Metro通勤飞机,飞行器
福克F27“友谊”,飞行器
仙童F-27/FH-227,飞行器
G550,飞行器
爱立眼,飞行器
E-2D高级鹰眼,飞行器
E-8“联合星”,飞行器
BN-2 防御者,飞行器
BAe Jetsteam 41,飞行器
康维尔580,飞行器
MD-90,飞行器
ASP,飞行器
费尔康707,飞行器
楔尾,飞行器
BAe ATP,飞行器
ATR 72,飞行器
安-140,飞行器
ATR 42,飞行器
BAe 748,飞行器
MD-80,飞行器
AlrteCh CN-235,飞行器
安-24“焦炭”,飞行器
CRJ100/200,飞行器
EMB-145（R-99）,飞行器
SATIC超级运输机“大白鲸”,飞行器
CRJ700/900,飞行器
波音E-767 AWACS,飞行器
费尔康(Phalcon )707,飞行器
BAe146,飞行器
波音717,飞行器
E-2c,飞行器
空警-2000,飞行器
波音727,飞行器
空中客车A319,飞行器
安-148,飞行器
ERJ135/140/145,飞行器
庞巴迪（德·哈维兰)Dash7,飞行器
雅克-40“幼鳕”,飞行器
ERJ170/175/190/195,飞行器
图-334,飞行器
雅克-42“猛击”,飞行器
图-134“硬壳”,飞行器
BAe 1-11,飞行器
福克70/100,飞行器
庞巴迪(德·哈维兰)Dash8,飞行器
麦道DC-9,飞行器
福克F28,飞行器
萨博2000,飞行器
福克F-10,飞行器
肖特360,飞行器
运7,飞行器
图-104/骆驼,飞行器
萨博340,飞行器
洛克希德L188 Electra,飞行器
NAMC  YS-11,飞行器
福克50/60,飞行器
多尼尔328,飞行器
塞斯纳510“野马”,飞行器
三菱MU-2,飞行器
布里顿-诺曼 BN-2A MkⅢ “三岛人”,飞行器
CASA C-212 Aviocar,飞行器
塞斯纳208“大篷车”,飞行器
塞斯纳750“奖状”X,飞行器
太平洋宇航750XL,飞行器
塞斯纳550“奖状”Ⅱ/“喝彩”,飞行器
塞斯纳525 CitationJet,飞行器
庞巴迪 Canadair 415,飞行器
布里顿-诺曼 BN-2A“海岛人”,飞行器
罗克韦尔“指挥官”500/560/580,飞行器
教练-8/K-8“喀喇昆仑山”,飞行器
PC-12,飞行器
PC-6搬运工/涡轮搬运工,飞行器
EF-111A渡鸦式电子战飞机,飞行器
EA-6A/B“徘徊者”,飞行器
EA-18G“咆哮者”电子战机,飞行器
EP-3E,飞行器
A-5/RA-5“民团团员”,飞行器
图-154MD电子战飞机,飞行器
A4D和A/TA-4“天鹰”,飞行器
AD/A-1“空中袭击者”,飞行器
OV-10“野马”,飞行器
AM“拳师”,飞行器
AU-24“公马”,飞行器
“超军旗”,飞行器
AJ/A-2“野人”,飞行器
A-6“入侵者”,飞行器
A-10“雷电II”,飞行器
海鹞,飞行器
A-7“海盗Ⅱ”,飞行器
图-95/图-142“熊”,飞行器
图-22M“逆火”,飞行器
寇蒂斯H-12/16,飞行器
寇蒂斯R系列,飞行器
B/RB-47“同温层喷射”,飞行器
B-29“超级空中堡垒”,飞行器
轰-6(图-16)“獾”,飞行器
SB2A“海盗”,飞行器
B-17“空中堡垒”,飞行器
B-52H“同温层堡垒”,飞行器
B-9轰炸机,飞行器
A3D/A-3“空中战士”,飞行器
JF/J2F“鸭子”,飞行器
A-28/29/AT-18和PBO“郝德逊”,飞行器
OA-14/J4F“野鸭”,飞行器
S-3“维京”,飞行器
海军飞机制造厂PN,飞行器
朗宁OA/OL,飞行器
SO3C“海鸥”,飞行器
UF-1/2和U-16“信天翁”,飞行器
P-8“海神”反潜巡逻机,飞行器
AF-2“守护者”,飞行器
P-3“猎户座”,飞行器
寇蒂斯HS系列,飞行器
Sojka III侦察无人飞机,飞行器
长虹-1,飞行器
ASN-206,飞行器
ASN-105,飞行器
RQ-3“暗星”,飞行器
RQ-8“火力侦察兵”,飞行器
RQ-4“全球鹰”,飞行器
靶-6,飞行器
RQ/MQ-9“捕食者B”,飞行器
I-蚊蚋-ER,飞行器
AT-3,飞行器
Ki-115,飞行器
13式,飞行器
B5N,飞行器
夕号试作,飞行器
B7A2,飞行器
B5M,飞行器
M6A1晴岚,飞行器
Hs 129,飞行器
G4M/1式,飞行器
神龙特殊攻击机,飞行器
苏-25蛙足,飞行器
强-5,飞行器
JH-7,飞行器
美洲虎,飞行器
AV-8海鹞II式,飞行器
A-37蜻蜓,飞行器
伊尔-2攻击机,飞行器
A-17/A-33,飞行器
RQ/MQ-1“捕食者A”,飞行器
C-130J“大力神”,飞行器
C-2“灰狗”,飞行器
C-130/KC-130/EC-130“大力神”,飞行器
AS565黑豹,飞行器
梭鱼式(Barracuda)鱼雷轰炸机,飞行器
A-12,飞行器
F-107终极佩刀,飞行器
布里斯托“波弗特”式,飞行器
胜利者,飞行器
曼彻斯特（Manchester）轰炸机,飞行器
剑鱼式（Swordfish）,飞行器
哈利法克斯(Halifax),飞行器
Ki-91,飞行器
Ki-21/97式,飞行器
Ki-77,飞行器
X-33,飞行器
X-7试验机,飞行器
守望者（Watchkeeper）,飞行器
哈比,飞行器
神经元（NEURON）无人战斗机,飞行器
诺思罗普BT,飞行器
MB-2/NBS-1,飞行器
B-23“龙”,飞行器
B-10/12/14,飞行器
B-66“破坏者”,飞行器
马丁BM,飞行器
凯斯通轻型轰炸机系列,飞行器
BTD “毁灭者”,飞行器
B-26/JM“劫掠者”,飞行器
B/KB-50“超级堡垒”,飞行器
SBU,飞行器
TBF/TBM“复仇者”,飞行器
PBM“水手”,飞行器
A/B-26/JD“入侵者”,飞行器
B-34/37和PV“文图拉”/“捕鲸叉”,飞行器
B-1B“枪骑兵”,飞行器
B-25/PBJ“米切尔”,飞行器
B-24“解放者”,飞行器
A-20“浩劫”,飞行器
SB2C“地狱俯冲者”,飞行器
TBY/TBU“海狼”,飞行器
B-32“统治者”,飞行器
PB4Y-2“私掠船”,飞行器
SBD“无畏式”,飞行器
B-2“幽灵”,飞行器
B-45“龙卷风”,飞行器
B-57“堪培拉”,飞行器
F8F“熊猫”,飞行器
“堪培拉”,飞行器
F/FB/EF-111,飞行器
F-51D“野马”MK2,飞行器
B-58“盗贼”,飞行器
A-31/35“复仇者”,飞行器
图-160“海盗旗”,飞行器
SB2U“辩护者”,飞行器
雷神（Taranis）无人机,飞行器
U8E无人直升机,飞行器
B-36“和平卫士”,飞行器
海獭( Sea Otter),飞行器
天神,飞行器
运-8E,飞行器
“鹞鹰”无人机,飞行器
TANAN 300,飞行器
ki-76/三式,飞行器
Q1W1东海,飞行器
ALH,飞行器
福特JR/RR/C系列,飞行器
JRS-1/OA-8,飞行器
PS/RA/C-6,飞行器
JRF“鹅式”,飞行器
C-54/R5D“空中霸王”,飞行器
C-47/R4D,飞行器
PB2Y“科罗娜多”,飞行器
UO/U-11“阿兹特克人”,飞行器
安-72/74 “煤矿人”,飞行器
伊尔-76/耿直,飞行器
运-8CA,飞行器
运-8H,飞行器
运-5,飞行器
C-295运输机,飞行器
S2F/S-2“追踪者,飞行器
运-8F600,飞行器
里-2,飞行器
C-133“货运霸王”,飞行器
C-5“银河”,飞行器
C-123“供应者”,飞行器
C-11/20/37”湾流“,飞行器
TC/VC-4“湾流I”,飞行器
C-140“喷气星”,飞行器
C-46“突击队员”,飞行器
C-82“邮船”和C-119/R4Q“飞行车厢”,飞行器
C-141“举重星”,飞行器
PBY“卡特琳娜”,飞行器
R4D-8/C-117“海豚”,飞行器
C-124“环球霸王”,飞行器
C-69/C-121“星座“/”预警星”,飞行器
YC-125“袭击者”,飞行器
C-9“空中列车Ⅱ/南丁格尔”,飞行器
运-8F100,飞行器
R6D-8/C-118“举重霸王”,飞行器
运-8C,飞行器
道格拉斯R-3D,飞行器
运-8F,飞行器
JRM“火星”,飞行器
比亚乔P.180“阿凡提”,飞行器
福克F27/福克50/60,飞行器
C-27J,飞行器
洛克希德 L1329 “喷气星”,飞行器
L100大力神,飞行器
DHC-5“水牛”,飞行器
比奇18,飞行器
安-12 “幼狐”,飞行器
安-124“秃鹰”,飞行器
BV 222,飞行器
安-74-300,飞行器
SC.7“高空货车”,飞行器
C-21,飞行器
SM-92,飞行器
Me 323,飞行器
G.38,飞行器
伊尔-76MD&伊尔78M,飞行器
Ju 52,飞行器
C-160,飞行器
C-130J/C-130J-30,飞行器
川崎C-1A,飞行器
C-12& RC-12“护栏”,飞行器
VC10 C.1K&K.3/4,飞行器
C-130A/B/E/H“大力神”,飞行器
T-29/R4Y/C-131,飞行器
G222(C-27),飞行器
UC-70和GH/NH“夜莺”,飞行器
C-17“环球霸王Ⅲ”,飞行器
R3Y“信风”,飞行器
C-22,飞行器
雅克-12,飞行器
UC-61“百眼巨人”,飞行器
雅克-14,飞行器
18型“北极星”,飞行器
ATL-98天空开拓者,飞行器
雅克-112,飞行器
安-70,飞行器
U-17“空中马车”,飞行器
PL-1介寿号,飞行器
P5M/P-5“枪鱼”,飞行器
安-225,飞行器
AC-130,飞行器
Bristol-170,飞行器
"Airspeed Horsa"霍莎式滑翔机,飞行器
L2D/零式,飞行器
XC-2,飞行器
别动队(Ranger),飞行器
Embraer-170系列,飞行器
A400M,飞行器
扫描鹰（ScanEagle）,飞行器
运-8,飞行器
搜索者,飞行器
RQ-170“哨兵”无人机,飞行器
X-47B 舰载无人战斗机,飞行器
SC-5贝尔法斯特,飞行器
伊尔-78大富翁,飞行器
月神,飞行器
利剑无人作战飞机,飞行器
STN阿特拉斯公司KZO,飞行器
ADE公司“黎明”,飞行器
绝影-8无人飞行器,飞行器
SR-72高超音速无人侦察机,飞行器
海象（Walrus）,飞行器
翼龙无人机,飞行器
Aerosky侦察机,飞行器
长空-1,飞行器
天翅高空无人侦察机,飞行器
S.25 桑德兰,飞行器
BZK-005高空大航程无人机,飞行器
XP-1,飞行器
AVE,飞行器
BAE10系统公司“不死鸟”,飞行器
Pchela-T,飞行器
INTA公司ALO,飞行器
Ababli-s监视无人机,飞行器
MKⅡ,飞行器
“红隼”,飞行器
Mohadjer4侦察机,飞行器
RQ-11渡鸭,飞行器
西卡德新概念微型,飞行器
锐鸢,飞行器
RQ-180,飞行器
MQ-9,飞行器
Comcopter5.1,飞行器
夜间入侵者,飞行器
ASN-1,飞行器
A160T“蜂鸟”,飞行器
先锋RQ-2,飞行器
BQM-34火蜂无人机,飞行器
龙眼(Dragon Eye),飞行器
微星（MicroSTAR）,飞行器
海军飞机制造厂TS,飞行器
D-21,飞行器
伊尔-38“山楂花”,飞行器
S-3B“北欧海盗”,飞行器
H8K/2式,飞行器
巴特尔（Fairey Battle）轰炸机,飞行器
运8-X,飞行器
S-2T“跟踪者”,飞行器
“大西洋”1&2,飞行器
阿米奥-354(Amiot-354),飞行器
阿米奥-143（Amiot-143）,飞行器
“猎迷”MR.2/MRA.4,飞行器
阿米奥-340（Amiot-340）,飞行器
霍尔PH,飞行器
Ki-32/98式,飞行器
Ki-67飞龙/四式,飞行器
TSR-2轰炸机,飞行器
DH98蚊式（Mosquito）,飞行器
G10N富士山,飞行器
Ki-30/97式,飞行器
BF2C,飞行器
Ki-66,飞行器
A-16,飞行器
D3A,飞行器
B6N,飞行器
Ki-51/九九式,飞行器
轰-5,飞行器
Ki-48/99式,飞行器
XB-70瓦尔基里,飞行器
B-1枪骑兵,飞行器
B-18,飞行器
SB轰炸机,飞行器
P1Y银河,飞行器
水轰-5,飞行器
维克斯威灵顿式中型轰炸机,飞行器
K-7,飞行器
苏-7/装配匠-A,飞行器
伊尔-4/Il-4/DB-3,飞行器
强-6,飞行器
“布伦海姆”轻型轰炸机,飞行器
SBC地狱俯冲者,飞行器
阿佛罗兰卡斯特重型轰炸机,飞行器
Do 335,飞行器
G5N深山,飞行器
斯特林(Stirling)轰炸机,飞行器
火神,飞行器
G3M/96式,飞行器
Fi 167,飞行器
Bf 162,飞行器
Ar 234,飞行器
大湖 BG-1,飞行器
Do 217,飞行器
D4Y彗星,飞行器
R.VI,飞行器
乌拉尔轰炸机,飞行器
图-4公牛,飞行器
Do 17,飞行器
苏-34/鸭嘴兽,飞行器
阿米奥-350,飞行器
Pe-8/TB-7,飞行器
He 115,飞行器
图-119,飞行器
幻影IV,飞行器
PZL.46,飞行器
雅克-4,飞行器
M-50野蛮人,飞行器
图-2/ANT-50,飞行器
佩-2,飞行器
Ju 87,飞行器
PZL.43,飞行器
Ju 188,飞行器
Me 264,飞行器
Ju 290,飞行器
Ju 88,飞行器
D1A,飞行器
Ju 89,飞行器
He 118,飞行器
He 177,飞行器
Hs 132,飞行器
PZL.38,飞行器
伊尔-28,飞行器
PZL.37,飞行器
G8N连山,飞行器
He 111,飞行器
PWS-19,飞行器
雅克-2,飞行器
PZL.23,飞行器
PZL.30,飞行器
Z.1007翠鸟,飞行器
Ca.90,飞行器
BR.20,飞行器
雅克-6,飞行器
Ca.3,飞行器
Ca.4,飞行器
TA-1运输机,飞行器
C/UC-12“休伦”,飞行器
AT-7/11/C-45和JRB/SNB,飞行器
L-23“塞米诺尔”,飞行器
RB-1“大篷车”,飞行器
C-69 "星座",飞行器
运-9,飞行器
X-6,飞行器
Lerche,飞行器
Ki-78,飞行器
X-47“飞马”,飞行器
Wespe,飞行器
X-45无人机,飞行器
VC-10K“胜利者”,飞行器
KC-135“同温层油船”,飞行器
C/EC/KC-135,飞行器
C/KC-97“同温层货船/同温层油船”,飞行器
运-20,飞行器
KC-10“补充者”,飞行器
A330 MRTT,飞行器
KC-767空中加油机,飞行器
空中客车A330,飞行器
波音757,飞行器
波音767,飞行器
波音747-300/400,飞行器
空中客车A321,飞行器
空中客车A320,飞行器
波音747-100/200/SP,飞行器
空中客车A310,飞行器
歼-20,飞行器
波音777,飞行器
歼-11战斗机,飞行器
波音787,飞行器
F-35“闪电II”,飞行器
空中客车A300,飞行器
C-919大型客机,飞行器
苏-30/苏-33“侧卫”,飞行器
歼-16,飞行器
AS 550/555“松鼠”/“小狐”,飞行器
ALH“北极星”,飞行器
AS 565“黑豹”,飞行器
卡-27/-28/-32“蜗牛-A/-B/-C”,飞行器
SH-2G“超海妖”,飞行器
SA 341/342 “小羚羊“,飞行器
阿古斯塔A 109,飞行器
BO 105,飞行器
AS 350 “松鼠/单星”,飞行器
BK 117/EC 145,飞行器
贝尔430,飞行器
EC155,飞行器
AS 355“松鼠”Ⅱ,飞行器
米里设计局  米-34“蜂鸟”,飞行器
贝尔427/429,飞行器
AS 365“海豚”,飞行器
贝尔412,飞行器
罗宾逊 R22,飞行器
米里设计局 米-2 “甲兵”,飞行器
麦道直升机公司MD900“探险者”,飞行器
贝尔230,飞行器
麦道直升机公司MD 600N,飞行器
斯威德尼克SW-4,飞行器
EC135,飞行器
勃兰特利B-2B,飞行器
恩斯特龙480,飞行器
贝尔206L“远程突击队员”,飞行器
贝尔47,飞行器
贝尔222,飞行器
EC130,飞行器
EC120“蜂鸟”,飞行器
贝尔206“喷气突击队员”,飞行器
贝尔407,飞行器
恩斯特龙F28/280,飞行器
701直升机,飞行器
SA 315B“拉玛”,飞行器
HC120,飞行器
AW139,飞行器
卡-60,飞行器
A119“树袋熊”,飞行器
直-8AEW,飞行器
AS350B1型松鼠,飞行器
直-7,飞行器
直-9C,飞行器
直-5,飞行器
卡-31,飞行器
直-11,飞行器
麦道MD-902,飞行器
卡-28,飞行器
直-15,飞行器
H410G,飞行器
X-49,飞行器
VS-300直升机,飞行器
UH-1N双休伊,飞行器
贝尔-212,飞行器
MH-6小鸟式直升机,飞行器
卡-29/-31“蜗牛-B”,飞行器
CA109,飞行器
W-3“斯拉夫”,飞行器
麦道直升机公司MD 520N,飞行器
西科斯基S-58,飞行器
罗宾逊 R44,飞行器
西科斯基S-76,飞行器
西科斯基S-55QT,飞行器
施韦策（休斯)300,飞行器
施韦策330,飞行器
喀山飞机制造厂 安萨特,飞行器
麦道直升机公司MD 500,飞行器
卡-226“谢尔盖”,飞行器
UH-12,飞行器
卡-32“蜗牛-C”,飞行器
SA 313/315“云雀”Ⅱ,飞行器
HTL/HUL/H-13“苏族”,飞行器
SA 316/319“云雀”III,飞行器
UH-1“易洛魁人”,飞行器
直9警用型直升机,飞行器
直-9通信型,飞行器
直-9B,飞行器
H425民用直升机,飞行器
直-9海监型,飞行器
直-9森警消防型,飞行器
直-9反舰型,飞行器
直-9A,飞行器
AC312民用直升机,飞行器
直-9雷达载机,飞行器
直-9炮兵校射型,飞行器
WG.13“山猫”,飞行器
SH-60“海鹰”,飞行器
L1011“三星”,飞行器
图-204/214,飞行器
麦道DC-8,飞行器
伊尔-96,飞行器
伊尔-62/文豪,飞行器
道格拉斯DC-4,飞行器
麦道DC-10,飞行器
麦道DC-8“SuperSixty”,飞行器
伊尔-86/小船坞,飞行器
空中客车A380,飞行器
空中客车A340,飞行器
MD-11,飞行器
DC-6/C-118/举重霸王,飞行器
伊尔-18“黑鸭”,飞行器
波音707,飞行器
米-24/-25/-35“雌鹿”,飞行器
RAH-66“科曼奇”,飞行器
UH-1Y和AH-1Z,飞行器
AH-2A“石茶隼”,飞行器
A129 “猫鼬”,飞行器
AS 665“虎”,飞行器
A129“猫鼬”,飞行器
贝尔214,飞行器
SA 330 “美洲豹”,飞行器
OH-58“基奥瓦人”,飞行器
H-53E“超级种马/海龙”,飞行器
直-9,飞行器
H-3“愉快的绿巨人”,飞行器
AH-1 “休伊眼镜蛇”,飞行器
AH-64“阿帕奇”,飞行器
米-171直升机,飞行器
H-46 "海骑士",飞行器
H-47 “支努干”,飞行器
HSL直升机,飞行器
V-22 “鱼鹰”,飞行器
直-10,飞行器
SA 321 “超黄蜂”,飞行器
AS 532“美洲狮”,飞行器
EH101 “灰背隼”,飞行器
Fa 223,飞行器
NH90,飞行器
EC225超级美洲狮,飞行器
雅克-24,飞行器
S-65/CH-53“海种马”,飞行器
WS-61“海王”,飞行器
Surion,飞行器
AH-6小鸟,飞行器
直-8舰载运输机,飞行器
米6,飞行器
米-26,飞行器
西科斯基S-92,飞行器
直-20,飞行器
米-17,飞行器
川崎OH-1,飞行器
米-28“浩劫”,飞行器
S-80/SH-53E “超种马”,飞行器
米-17-V7,飞行器
米17-1V,飞行器
直-8,飞行器
直-8A,飞行器
卡-25“激素”,飞行器
卡-52直升机,飞行器
西科斯基S-61,飞行器
西科斯基S-64“高空吊车”,飞行器
AS550/555“小松鼠”,飞行器
米-8“河马”,飞行器
HCMk4“海王”,飞行器
EH-101“灰背隼”,飞行器
直-8K,飞行器
米-14“烟雾”,飞行器
SA341/342“小羚羊”,飞行器
米-17-V5,飞行器
CH-47“支奴干”,飞行器
S-70A/UH-60“黑鹰”,飞行器
直-8F,飞行器
Mi-8“河马”,飞行器
S-70 黑鹰,飞行器
SA316/319“云雀”Ⅲ,飞行器
SA330“美洲狮”,飞行器
K-MAX,飞行器
AS 332“超美洲豹”,飞行器
卡-26/126“恶棍”,飞行器
米-171（旧款）,飞行器
SA319云雀III型,飞行器
超级美洲豹AS332L1,飞行器
直-19,飞行器
米-171（新款）,飞行器
直-9D海军增强反舰型,飞行器
米-24“母鹿”,飞行器
Z9WE武装型直升机,飞行器
卡-50“噱头”,飞行器
直-9W,飞行器
直-9WA,飞行器
直-9高温高原型,飞行器
直-9G,飞行器
SA342小羚羊,飞行器
SA321,飞行器
直-9F武警专用型,飞行器
AC313,飞行器
VTP-1猎鲸,坦克装甲车辆
84式架桥车,坦克装甲车辆
84式坦克抢修车,坦克装甲车辆
BMS-1阿拉克兰,坦克装甲车辆
76 式抢救车,坦克装甲车辆
WMZ551QJ轮式装甲抢救车,坦克装甲车辆
63式履带式装甲车族,坦克装甲车辆
85式（YW531H）装甲输送车,坦克装甲车辆
89式装甲输送车,坦克装甲车辆
90式装甲人员运输车,坦克装甲车辆
TPz-1“狐狸”装甲人员运输车,坦克装甲车辆
77-2式水陆装甲输送车,坦克装甲车辆
QL550轻型轮式装甲车,坦克装甲车辆
4K 4FA装甲人员运输车,坦克装甲车辆
BTR-40装甲人员运输车,坦克装甲车辆
OMC“曼巴”MkⅡ装甲运输车,坦克装甲车辆
OMC RG-31“林羚”装甲运输车,坦克装甲车辆
MBT-2000“哈立德”主战坦克,坦克装甲车辆
74式主战坦克,坦克装甲车辆
T-54/T-55主战坦克,坦克装甲车辆
AMX-56主战坦克,坦克装甲车辆
T-62主战坦克,坦克装甲车辆
M60A3主战坦克,坦克装甲车辆
TAM坦克,坦克装甲车辆
AMX-13轻型坦克,坦克装甲车辆
OF-40主战坦克,坦克装甲车辆
意大利公羊主战坦克,坦克装甲车辆
69式主战坦克,坦克装甲车辆
海盗,坦克装甲车辆
格罗弗-依萨克,坦克装甲车辆
FV603撒拉逊,坦克装甲车辆
AT105萨克松,坦克装甲车辆
霍特斯轻骑兵,坦克装甲车辆
BDX,坦克装甲车辆
XMP-1,坦克装甲车辆
新型轮式装甲车族,坦克装甲车辆
BLR装甲人员运输车,坦克装甲车辆
UR-416装甲人员运输车(德国),坦克装甲车辆
博尼斯基MAV5装甲人员运输车,坦克装甲车辆
“拳击手”多用途装甲车,坦克装甲车辆
TABC装甲人员运输车,坦克装甲车辆
PSZH-IV装甲人员运输车,坦克装甲车辆
BRAVIA“蔡米特”装甲运输车,坦克装甲车辆
“美洲狮”装甲人员运输车,坦克装甲车辆
BOV-VP装甲人员运输车,坦克装甲车辆
“龙骑士”装甲车,坦克装甲车辆
M113A2装甲人员运输车,坦克装甲车辆
TM170装甲人员运输车,坦克装甲车辆
6614型装甲人员运输车,坦克装甲车辆
“澳洲野狗”全防护战车,坦克装甲车辆
潘哈德M3装甲人员运输车,坦克装甲车辆
PBV302装甲人员运输车,坦克装甲车辆
“斯巴达人”装甲人员运输车,坦克装甲车辆
赫格隆Bv206S装甲人员运输车,坦克装甲车辆
VXB-170装甲人员运输车,坦克装甲车辆
BvS10装甲人员运输车,坦克装甲车辆
73式装甲人员运输车,坦克装甲车辆
联合防务公司LVTP7两栖突击车,坦克装甲车辆
BA-22装甲车,坦克装甲车辆
一式装甲运兵车,坦克装甲车辆
“博拉格”(boragh)装甲输送车,坦克装甲车辆
“博拉格”(boragh)装甲输送车,坦克装甲车辆
M3半履带车,坦克装甲车辆
“锯脂鲤”装甲人员运输车,坦克装甲车辆
M113 型装甲运兵车,坦克装甲车辆
64式轮式装甲输送车,坦克装甲车辆
“纳美尔”装甲运兵车,坦克装甲车辆
ZSL92A型/WMZ551B,坦克装甲车辆
WZ551装甲人员运输车,坦克装甲车辆
90式（YW-535）装甲输送车,坦克装甲车辆
“乌鲁图”装甲人员运输车,坦克装甲车辆
Otokar装甲人员运输车,坦克装甲车辆
“眼镜蛇”装甲人员运输车,坦克装甲车辆
77式两栖装甲运输车,坦克装甲车辆
“潘德”装甲人员运输车,坦克装甲车辆
最新外贸型6X6轮式装甲输送车,坦克装甲车辆
“撒克逊”装甲人员运输车,坦克装甲车辆
“西布玛斯”装甲人员运输车,坦克装甲车辆
M-60装甲人员运输车,坦克装甲车辆
“秃鹰”装甲人员运输车,坦克装甲车辆
Tactica装甲人员运输车,坦克装甲车辆
“肖兰德”S55装甲人员运输车,坦克装甲车辆
“罗兰德”装甲人员运输车,坦克装甲车辆
阿尔维斯“风暴”装甲运输车,坦克装甲车辆
OMC RG-12巡逻装甲人员运输车,坦克装甲车辆
OMC“卡斯皮”MkⅢ装甲运输车,坦克装甲车辆
Boraq装甲人员运输车,坦克装甲车辆
PTS、PTS-M和PTS-2两栖车,坦克装甲车辆
77-1式水陆装甲输送车,坦克装甲车辆
OMC RG-32M装甲人员运输车,坦克装甲车辆
“野马”全地形履带运输车,坦克装甲车辆
多用途运输车/LBV（非洲小狐）,坦克装甲车辆
FV432装甲人员运输车,坦克装甲车辆
三菱重工SU 60式装甲人员运输车,坦克装甲车辆
“野牛”装甲人员运输车,坦克装甲车辆
VAP3550两栖车,坦克装甲车辆
全地形履带式运输车,坦克装甲车辆
依维柯6640G型两栖货物运输车,坦克装甲车辆
LARC-5 两栖货物运输车,坦克装甲车辆
77式装甲人员运输车,坦克装甲车辆
TAB-71装甲人员运输车,坦克装甲车辆
BTR-90装甲人员运输车,坦克装甲车辆
TAB-77装甲人员运输车,坦克装甲车辆
AAAV先进两栖突击车,坦克装甲车辆
“卫士”装甲人员运输车,坦克装甲车辆
帕提亚XA-200装甲人员运输车,坦克装甲车辆
ACMAT装甲人员运输车,坦克装甲车辆
雷诺VAB装甲人员运输车,坦克装甲车辆
M75,坦克装甲车辆
M2A1,坦克装甲车辆
BTR-50,坦克装甲车辆
乌鲁图EE-11,坦克装甲车辆
VTP-2埃斯卡拉博,坦克装甲车辆
ARK履带式两栖支援车,坦克装甲车辆
瓦尔凯,坦克装甲车辆
潘哈德VCR装甲人员运输车,坦克装甲车辆
AAV7A1两栖突击车,坦克装甲车辆
“野牛”装甲人员运输车,坦克装甲车辆
卡达“瓦利德”装甲人员运输车,坦克装甲车辆
帕提亚模块化装甲车,坦克装甲车辆
“撒拉逊”装甲人员运输车,坦克装甲车辆
OT-64C(SKOT-2A)装甲运输车,坦克装甲车辆
BTR-152装甲人员运输车,坦克装甲车辆
“游骑兵”装甲人员运输车,坦克装甲车辆
4.20VBL,坦克装甲车辆
M59,坦克装甲车辆
“狮”式装甲人员运输车,坦克装甲车辆
水牛,坦克装甲车辆
MR8系列,坦克装甲车辆
6.40BL,坦克装甲车辆
WZ523装甲人员运输车,坦克装甲车辆
蒂莫尼（Timoney）,坦克装甲车辆
HWK11,坦克装甲车辆
TAB-72,坦克装甲车辆
M-60P,坦克装甲车辆
法哈,坦克装甲车辆
BTR-70装甲人员运输车,坦克装甲车辆
44型,坦克装甲车辆
97式抢救战车,坦克装甲车辆
特一式内火艇,坦克装甲车辆
特五式内火艇,坦克装甲车辆
一号指挥坦克,坦克装甲车辆
特二内火艇,坦克装甲车辆
特三内火艇,坦克装甲车辆
特四内火艇,坦克装甲车辆
试制特三型飞行战车,坦克装甲车辆
蝎式轻型(侦察)坦克,坦克装甲车辆
PT-76轻型两栖坦克,坦克装甲车辆
63式轻型两栖坦克,坦克装甲车辆
99式主战坦克,坦克装甲车辆
85式主战坦克,坦克装甲车辆
98式主战坦克,坦克装甲车辆
Mk13主战坦克,坦克装甲车辆
豹-I主战坦克,坦克装甲车辆
59式主战坦克,坦克装甲车辆
K1主战坦克,坦克装甲车辆
X1A1轻型坦克,坦克装甲车辆
M551谢里登轻型坦克/侦察车,坦克装甲车辆
VFM5 轻型坦克,坦克装甲车辆
M41轻型坦克,坦克装甲车辆
台湾省64式轻型坦克,坦克装甲车辆
“挑战者”-1主战坦克,坦克装甲车辆
IS-7新式重型坦克,坦克装甲车辆
猎虎坦克歼击车,坦克装甲车辆
九二式装甲汽车,坦克装甲车辆
日本九四式骑兵装甲车,坦克装甲车辆
M2中型坦克,坦克装甲车辆
94式轻战车,坦克装甲车辆
95式轻战车,坦克装甲车辆
九七式指挥战车,坦克装甲车辆
IKV-91轻型坦克,坦克装甲车辆
“阿玛塔”坦克,坦克装甲车辆
97式中战车,坦克装甲车辆
M3中型坦克,坦克装甲车辆
日本九七式骑兵装甲车,坦克装甲车辆
M2轻型坦克,坦克装甲车辆
M5轻型坦克,坦克装甲车辆
XK2"黑豹"主战坦克,坦克装甲车辆
TM-800中型坦克,坦克装甲车辆
X1A2轻型坦克,坦克装甲车辆
85-Ⅱ式主战坦克,坦克装甲车辆
79式主战坦克,坦克装甲车辆
80式主战坦克,坦克装甲车辆
维克斯Mk3,坦克装甲车辆
M-84主战坦克,坦克装甲车辆
T-80B主战坦克,坦克装甲车辆
90式主战坦克,坦克装甲车辆
AMX-30主战坦克,坦克装甲车辆
PT-91主战坦克,坦克装甲车辆
62式轻型坦克,坦克装甲车辆
T-90主战坦克,坦克装甲车辆
T-64主战坦克,坦克装甲车辆
斯泰尔SK105轻型坦克,坦克装甲车辆
豹-II主战坦克,坦克装甲车辆
“堕落者”主战坦克,坦克装甲车辆
96A主战坦克,坦克装甲车辆
索玛S-35坦克,坦克装甲车辆
FCM F1超重型坦克,坦克装甲车辆
LT-H型轻型坦克,坦克装甲车辆
“雷诺”R-35轻型坦克,坦克装甲车辆
D1轻型坦克,坦克装甲车辆
AMC 35,坦克装甲车辆
一号D型坦克,坦克装甲车辆
E-100超重型坦克,坦克装甲车辆
一号B型训练坦克,坦克装甲车辆
一号B型坦克,坦克装甲车辆
一号C型坦克,坦克装甲车辆
“佐勒菲卡尔”主战坦克,坦克装甲车辆
IS-4坦克,坦克装甲车辆
IS-3坦克,坦克装甲车辆
TAM中型坦克,坦克装甲车辆
M48坦克,坦克装甲车辆
E-75标准战斗坦克,坦克装甲车辆
M60坦克,坦克装甲车辆
E-50标准战斗坦克,坦克装甲车辆
E-25驱逐战车,坦克装甲车辆
“酋长”坦克,坦克装甲车辆
BT-2轻型坦克,坦克装甲车辆
BT-7快速坦克,坦克装甲车辆
T-26轻型坦克,坦克装甲车辆
T14突击坦克,坦克装甲车辆
T-70轻型坦克,坦克装甲车辆
T-60轻型坦克,坦克装甲车辆
T-40轻型水陆坦克,坦克装甲车辆
T57/T58重型坦克,坦克装甲车辆
KV重型坦克,坦克装甲车辆
IS重型坦克,坦克装甲车辆
O-1型120吨重战车,坦克装甲车辆
T-72Z/Safari-74,坦克装甲车辆
T-34中型坦克,坦克装甲车辆
T-72主战坦克,坦克装甲车辆
T30/T34/T32坦克,坦克装甲车辆
T1/M6重型坦克,坦克装甲车辆
90式主战坦克,坦克装甲车辆
“梅卡瓦”坦克,坦克装甲车辆
风暴-I型主战坦克,坦克装甲车辆
T-28/t-95超重型坦克,坦克装甲车辆
T43/M103 重型坦克,坦克装甲车辆
百式100吨重战车,坦克装甲车辆
T-29重型坦克,坦克装甲车辆
九八式改轻战车,坦克装甲车辆
M36/杰克逊/Jackson驱逐战车,坦克装甲车辆
四式轻战车,坦克装甲车辆
“百夫长”坦克,坦克装甲车辆
88式主战坦克,坦克装甲车辆
M4/谢尔曼/Sherman,坦克装甲车辆
九五式轻战车,坦克装甲车辆
三式轻战车,坦克装甲车辆
98式轻战车,坦克装甲车辆
二式轻战车,坦克装甲车辆
95式重战车,坦克装甲车辆
M26/潘兴/Pershing,坦克装甲车辆
M22/蝉/Locust,坦克装甲车辆
T-27轻型坦克,坦克装甲车辆
SMK重型坦克,坦克装甲车辆
T-44中型坦克,坦克装甲车辆
T-38两栖侦察坦克,坦克装甲车辆
T-37两栖侦察坦克,坦克装甲车辆
T-35重型坦克,坦克装甲车辆
T-50轻型坦克,坦克装甲车辆
M24/霞飞/Chaffee,坦克装甲车辆
T-24中型坦克,坦克装甲车辆
T-100坦克,坦克装甲车辆
KV-85重型坦克,坦克装甲车辆
T-18坦克,坦克装甲车辆
四式中战车,坦克装甲车辆
玛蒙-哈宁顿CTLS轻型坦克,坦克装甲车辆
BT-5快速坦克,坦克装甲车辆
91式重战车,坦克装甲车辆
五式中战车,坦克装甲车辆
T30重型坦克,坦克装甲车辆
快速部署部队轻型坦克(RDF/LT),坦克装甲车辆
T-28中型坦克,坦克装甲车辆
三式中战车,坦克装甲车辆
一式中战车,坦克装甲车辆
九七式改中战车,坦克装甲车辆
M10/3in GMC T35坦克歼击车,坦克装甲车辆
五式轻战车,坦克装甲车辆
PzKpfw VII/八号坦克/鼠式,坦克装甲车辆
M18/地狱猫/Hellcat坦克歼击车,坦克装甲车辆
89式乙型中战车,坦克装甲车辆
BT坦克,坦克装甲车辆
KV-1重型坦克,坦克装甲车辆
IS-10坦克,坦克装甲车辆
BT-4快速坦克,坦克装甲车辆
BT-3快速坦克,坦克装甲车辆
BT-1快速坦克,坦克装甲车辆
E系列坦克,坦克装甲车辆
IS-6重型坦克,坦克装甲车辆
SU-100坦克歼击车,坦克装甲车辆
PZ.38(t),坦克装甲车辆
SU-85驱逐坦克,坦克装甲车辆
LT-35/PZkpfw35(t),坦克装甲车辆
IS-2重型坦克,坦克装甲车辆
IS-1重型坦克,坦克装甲车辆
PzKpfw Ⅳ/四号坦克,坦克装甲车辆
PzKpfw III/三号坦克,坦克装甲车辆
PzKpfw II/二号坦克,坦克装甲车辆
KV-2重型坦克,坦克装甲车辆
四号D型坦克,坦克装甲车辆
PzKpfw VII /七号坦克/狮式,坦克装甲车辆
PzKpfw VI/六号坦克/虎式,坦克装甲车辆
T-46轻型坦克,坦克装甲车辆
PzKpfw V/五号坦克/豹式/黑豹,坦克装甲车辆
一号喷火坦克,坦克装甲车辆
哈奇开斯H系列,坦克装甲车辆
D2中型坦克,坦克装甲车辆
MLVM山地战车,坦克装甲车辆
BVP M80A步兵战车,坦克装甲车辆
AMX-10P步兵战车,坦克装甲车辆
AMX VCI步兵战车,坦克装甲车辆
“达多”步兵战车,坦克装甲车辆
“鼬鼠”2空降装甲车,坦克装甲车辆
ZBD03空降战车,坦克装甲车辆
“黄鼠狼”1A3步兵战车,坦克装甲车辆
M1A1/M1A2“艾布拉姆斯”,坦克装甲车辆
ZBD-09式8X8轮式步兵战车,坦克装甲车辆
ZBD-04式步兵战车,坦克装甲车辆
86式履带式步兵战车,坦克装甲车辆
ZBD-05两栖突击车,坦克装甲车辆
BAT特种部队多用途车,坦克装甲车辆
索弗拉姆VLA可空载轻型车,坦克装甲车辆
依维柯轻型多用途车,坦克装甲车辆
BTR-80装甲人员运输车,坦克装甲车辆
桑塔纳88型军用轻型车,坦克装甲车辆
M-240“风暴”多用途车（MMV),坦克装甲车辆
Fardier FL500和FL501轻型车,坦克装甲车辆
格雷纳迪尔,坦克装甲车辆
格罗弗·韦布装甲巡逻车,坦克装甲车辆
“狐”式轻型装甲车,坦克装甲车辆
“肖兰德”装甲巡逻车,坦克装甲车辆
82式指挥通信车,坦克装甲车辆
莫瓦格“鹰”式装甲侦察车,坦克装甲车辆
MT-LB多用途履带式装甲车,坦克装甲车辆
EE-9“卡斯卡维尔”侦察车,坦克装甲车辆
BRDM-2两栖侦察车,坦克装甲车辆
FUG两栖侦察车,坦克装甲车辆
“短吻鳄”轻型侦察车,坦克装甲车辆
ABI装甲车,坦克装甲车辆
BRDM-1两栖侦察车,坦克装甲车辆
“蝎”式侦察车,坦克装甲车辆
BRDM-2两栖侦察车,坦克装甲车辆
卡雅（KAYA）,坦克装甲车辆
MRAP防地雷反伏击车,坦克装甲车辆
79式火箭布雷车,坦克装甲车辆
84式122毫米火箭布雷车,坦克装甲车辆
GSL131型机械爆破扫雷车,坦克装甲车辆
红箭-9反坦克导弹发射车,坦克装甲车辆
74式火箭布雷车,坦克装甲车辆
81式火箭扫雷车,坦克装甲车辆
轮式通用装甲车,坦克装甲车辆
LMC1200雪地车,坦克装甲车辆
LMC1800雪地车,坦克装甲车辆
LMC1500雪地车,坦克装甲车辆
MT-L履带式雪地两栖车,坦克装甲车辆
BRDM-2反坦克导弹发射车,坦克装甲车辆
红箭-8轮式反坦克导弹发射车,坦克装甲车辆
苏帕凯特MkⅢ全地形移动平台（ATMP）,坦克装甲车辆
“美洲虎”1自行反坦克导弹发射车,坦克装甲车辆
“胡狼”轻型伞兵车,坦克装甲车辆
RAM轻型装甲战车族,坦克装甲车辆
M901改进型“陶”式导弹发射车,坦克装甲车辆
GT-T履带式雪地两栖车,坦克装甲车辆
桑塔纳109型军用轻型车,坦克装甲车辆
MM-1型多用途全地形车,坦克装甲车辆
LT-38轻型坦克,坦克装甲车辆
BA-27M装甲车,坦克装甲车辆
一号坦克/PzKpfw I,坦克装甲车辆
BA-5装甲车,坦克装甲车辆
一号防空坦克,坦克装甲车辆
M38/猎狼犬/ Wolfhound,坦克装甲车辆
一号A型坦克,坦克装甲车辆
BAD-2两栖车,坦克装甲车辆
九五式公路铁路两用装甲车,坦克装甲车辆
ZBD-2000轻型履带式伞兵步战车,坦克装甲车辆
“美洲豹”战斗工兵车,坦克装甲车辆
九一式装甲汽车,坦克装甲车辆
WJ08式警用装甲防暴车,坦克装甲车辆
“阿奇扎里特”装甲运兵车,坦克装甲车辆
ZFB05系列轻型轮式装甲车,坦克装甲车辆
LAV-AD防空装甲车,坦克装甲车辆
SPM-3“熊”式装甲汽车,坦克装甲车辆
福特GPA两栖吉普车,坦克装甲车辆
滚雷沙漠侦察车（DPV）,坦克装甲车辆
LYT2021超轻型轮式伞兵突击车,坦克装甲车辆
"切诺斯"快速突击车（FAV）,坦克装甲车辆
M151轻型车辆以及变体型,坦克装甲车辆
M1161轻型突击车（ITV/LSV）,坦克装甲车辆
ALSV 轻型突击车,坦克装甲车辆
BA-9装甲车,坦克装甲车辆
BA-11D装甲车,坦克装甲车辆
智利轮式装甲车,坦克装甲车辆
潘哈德VBL轮式侦察车,坦克装甲车辆
WZ523轮式装甲侦察车,坦克装甲车辆
M8/猎犬/Greyhound装甲车,坦克装甲车辆
霍特斯伯4985型散兵,坦克装甲车辆
87式侦查警戒车,坦克装甲车辆
戴姆勒“费列特”侦察车,坦克装甲车辆
“蝎”式轻型侦察车,坦克装甲车辆
“山猫”侦察车,坦克装甲车辆
凯迪拉克·盖奇侦察车,坦克装甲车辆
AMX-10RC侦察车,坦克装甲车辆
“大山猫”装甲车,坦克装甲车辆
“萨拉丁”装甲车,坦克装甲车辆
VEC轮式骑兵侦察车,坦克装甲车辆
“蟋蟀”轻型攻击车,坦克装甲车辆
快速攻击车,坦克装甲车辆
DAC2.65FAEG两栖车,坦克装甲车辆
GAZ-3937系列车辆,坦克装甲车辆
NJ2046系列,坦克装甲车辆
BAD双炮塔车,坦克装甲车辆
“沙漠袭击者”特种行动车,坦克装甲车辆
M3侦察车,坦克装甲车辆
路虎·卫士,坦克装甲车辆
特别行动车,坦克装甲车辆
轻型攻击车,坦克装甲车辆
AB3“黑鸢尾”和“沙漠鸢尾”,坦克装甲车辆
沃尔斯利装甲汽车,坦克装甲车辆
G BAT Mk2快速反应通用车,坦克装甲车辆
维克斯装甲汽车,坦克装甲车辆
SX-1新型伞兵突击车,坦克装甲车辆
通用装甲车,坦克装甲车辆
BMP-3步兵战车,坦克装甲车辆
悍马Hummer,坦克装甲车辆
BMP-23步兵战车,坦克装甲车辆
BMD-3空降战车,坦克装甲车辆
“虎”式装甲越野车,坦克装甲车辆
大宇KIFV步兵战车,坦克装甲车辆
BA-11装甲车,坦克装甲车辆
VN3轮式装甲车,坦克装甲车辆
陆地漫游者,坦克装甲车辆
ZSL90式/WZ551装甲车原型车,坦克装甲车辆
MLI-84步兵战车,坦克装甲车辆
FAI-M装甲车,坦克装甲车辆
92式轮式装甲车,坦克装甲车辆
BMP-1步兵战车,坦克装甲车辆
M-80机械化步兵战车,坦克装甲车辆
BMP-2步兵战车,坦克装甲车辆
BMD-1空降战车,坦克装甲车辆
LB-23/BA-21装甲车,坦克装甲车辆
89式机械化步兵战车,坦克装甲车辆
“鼬鼠”1空降装甲车,坦克装甲车辆
FAI装甲车,坦克装甲车辆
D-13装甲车,坦克装甲车辆
BA-30装甲车,坦克装甲车辆
D-8S空降装甲车,坦克装甲车辆
D-8装甲车,坦克装甲车辆
BA-I装甲车,坦克装甲车辆
D-12装甲车,坦克装甲车辆
BA-10装甲车,坦克装甲车辆
BA-3装甲车,坦克装甲车辆
BA-6装甲车,坦克装甲车辆
KH-50,坦克装甲车辆
雷诺R40战车,坦克装甲车辆
FCM36,坦克装甲车辆
BA-64装甲车,坦克装甲车辆
BA-27装甲车,坦克装甲车辆
TNH坦克,坦克装甲车辆
6×6型ARMA装甲车,坦克装甲车辆
97式步兵战车,坦克装甲车辆
T27装甲车,坦克装甲车辆
日本13式机动坦克,坦克装甲车辆
M2半履带车,坦克装甲车辆
T17/猎鹿犬/Deerhound,坦克装甲车辆
NVH-1步兵战车,坦克装甲车辆
LT-34轻型坦克,坦克装甲车辆
LT-35轻型坦克,坦克装甲车辆
潘哈德ERC 90 F4装甲车,坦克装甲车辆
NFV-1步兵战车,坦克装甲车辆
Aquatrack履带式两栖车,坦克装甲车辆
OMC“獾”式20步兵战车,坦克装甲车辆
LAV-25轻型装甲车,坦克装甲车辆
VBCI步兵战车,坦克装甲车辆
BMR-600轮式步兵战车,坦克装甲车辆
M1114装甲车,坦克装甲车辆
VN2轮式装甲车,坦克装甲车辆
“半人马座”坦克歼击车,坦克装甲车辆
6616型装甲车,坦克装甲车辆
ASV150,坦克装甲车辆
LAV-150AFV,坦克装甲车辆
LAV-300装甲战车,坦克装甲车辆
潘哈德AML轻型装甲车,坦克装甲车辆
EFV远征战车,坦克装甲车辆
CV90装甲战车,坦克装甲车辆
AIFV装甲步兵战车,坦克装甲车辆
M2A3“布雷德利”步兵战车,坦克装甲车辆
“武士”机械化战车,坦克装甲车辆
ASCOD机械化步兵战车,坦克装甲车辆
奥拓-梅莱拉步兵装甲战车,坦克装甲车辆
FNSS防务系统公司TIFV步兵战车,坦克装甲车辆
95式抢救战车,坦克装甲车辆
98式装甲弹药输送车,坦克装甲车辆
“飞鸟”轻型攻击车,坦克装甲车辆
WMZ551JH新型装甲救护车,坦克装甲车辆
奥维兰德A3F型快速攻击车,坦克装甲车辆
LuAZ-96两栖战地支援车,坦克装甲车辆
长缨1号（CY-1）,导弹武器
UGM-133(三叉戟II),导弹武器
R-39/鲟鱼/SS-N-20,导弹武器
RK-55/石榴石/SS-N-21,导弹武器
K-15,导弹武器
丹努什/Dhanush/大地海军型,导弹武器
海猫(Sea Cat),导弹武器
RIM-162/增强型海麻雀(ESSM),导弹武器
RIM-24/鞑靼人/Tartar,导弹武器
海参（Sea Slug）,导弹武器
9M38M2/刺猬/SA-N-12,导弹武器
Aster(紫苑),导弹武器
S-300F/要塞/SA-N-6,导弹武器
矛-IR,导弹武器
9K32舰载型/箭－2M/SA-N-5,导弹武器
海狼（Sea-Wolf ),导弹武器
M-11/风暴/SA-N-3,导弹武器
S-75/德维纳河/SA-2,导弹武器
海镖（Sea Dart）,导弹武器
RIM-8/黄铜骑士/Talos,导弹武器
RIM-66D（标准-Ⅱ）,导弹武器
FLS-1,导弹武器
小猎犬(RIM-2),导弹武器
RIM-116/拉姆/RAM,导弹武器
飞豹(FL-3000N),导弹武器
RIM-7M/海麻雀/Sea Sparrow,导弹武器
海红旗-9(HHQ-9),导弹武器
标准-3/SM-3/RIM-161,导弹武器
RIM-66,导弹武器
猎鹰60N,导弹武器
东风-25(DF-25),导弹武器
东风-1（DF-1）,导弹武器
B611“枕木”,导弹武器
东风-4（DF-4）,导弹武器
东风-3（DF-3）,导弹武器
M-7（8610/CSS-8）,导弹武器
东风-31（DF-31）,导弹武器
白头山/大浦洞/Taepodong,导弹武器
褐雨燕（Swift）ZT3,导弹武器
马索戈反（Mathogo）,导弹武器
猎迷（Nimrod）,导弹武器
比尔（BILL）RBS-56,导弹武器
矮脚鸡（Bantam）RB53,导弹武器
9M114(AS-8/AT-6/AT-9),导弹武器
马尔卡拉,导弹武器
旋火（Swingfire）,导弹武器
哈塔夫-1（Hatf-I ）,导弹武器
哈塔夫-4/Hatf-4/沙欣-1,导弹武器
“高里”-1,导弹武器
崔格特(TIGRAT),导弹武器
KN-02,导弹武器
哈塔夫-6/Hatf-VI/沙欣-2,导弹武器
玄武-3,导弹武器
哈塔夫-3（Hatf-3）,导弹武器
大地-1/普里特维SS-150,导弹武器
烈火-5（Agni-V ）,导弹武器
杰里科-2B（Jericho-2B）,导弹武器
侏儒/Midgetman,导弹武器
杰里科-2（Jericho-2）,导弹武器
米兰（Milan）,导弹武器
霍特（HOT）,导弹武器
BGM-109G(战斧),导弹武器
猎豹（Ingwe）,导弹武器
ZT-3雨燕,导弹武器
特萨姆（TSSAM）AGM-137,导弹武器
J-201,导弹武器
Predator/掠夺者,导弹武器
沙蛇,导弹武器
KAM-3D,导弹武器
MGM-134/侏儒/Midgetman,导弹武器
LGM-118A(和平卫士),导弹武器
M-18/CSS-11,导弹武器
64式/马特,导弹武器
红箭73(HJ-73),导弹武器
96式/重马特/ATM-4,导弹武器
红箭9(HJ-9),导弹武器
M-7/CSS-8/DF-11,导弹武器
M-9/东风-15/CSS-6,导弹武器
M11,导弹武器
烈火-4（Agni-IV）,导弹武器
Al-Raid,导弹武器
小红帽/X-7,导弹武器
穆萨克-120/纳济特10/伊朗130,导弹武器
V-2/报复性武器-2,导弹武器
鹰-80/Sakr-80,导弹武器
胜利者/征服者,导弹武器
征服者-110/NP-110,导弹武器
RS-120,导弹武器
长钉-SR/MR/LR/ER,导弹武器
9M123/菊花/AT-15,导弹武器
87式/中马特/ATM-3,导弹武器
沙蛇/艾利克斯/ACCP,导弹武器
独眼巨人/特里福姆/Triform,导弹武器
麦夫,导弹武器
劳动/Ro-dong,导弹武器
9M133/短号/AT-14,导弹武器
火星-7/飞毛腿D/Hwasong-7,导弹武器
SM-65/ CGM-16/阿特拉斯,导弹武器
HGM-25A(大力神-1),导弹武器
TM-76/马斯/Mace,导弹武器
北方（Nord）AS10,导弹武器
MGM-1/斗牛士/Matador,导弹武器
SM-64纳瓦霍,导弹武器
东风-41（DF-41）,导弹武器
SM-62/蛇鲨/Snark,导弹武器
青峰,导弹武器
昆吾,导弹武器
东风-5（DF-5）,导弹武器
东风-2/DF-2,导弹武器
火星-6/飞毛腿-C/Hwasong-6,导弹武器
红箭10(AFT-10),导弹武器
CKEM超高速导弹,导弹武器
伊斯坎杰尔-E/SS-26,导弹武器
MGM-157埃弗格姆（Efogm）,导弹武器
RS-12/白杨/SS-25,导弹武器
火星-5/Hwasong-5/飞毛腿-B,导弹武器
FGM-148/标枪/Javelin,导弹武器
烈火-3/Agni-III,导弹武器
RT-23/SS-24/手术刀,导弹武器
烈火-2(Agni-II),导弹武器
BGM-71/陶式/TOW,导弹武器
民兵,导弹武器
9K714/奥卡导弹/SS-23,导弹武器
东风-21（DF-21）,导弹武器
红箭8(HJ-8),导弹武器
BGM－109C(战斧),导弹武器
9K79/圆点/SS-21,导弹武器
白杨-M/SS-27/PC-12M,导弹武器
RGM-6/天狮星/Regulus,导弹武器
UGM-27A(北极星A-1),导弹武器
VGM-27B(北极星A-2),导弹武器
UGM-96A(三叉戟I型C-4),导弹武器
巨浪-2（JL-2/CSS-N-4）,导弹武器
VGM－27C(北极星A-3),导弹武器
标准Ⅳ/SM-4,导弹武器
海神C3,导弹武器
巨浪-1（JL-1/CSS-N-3）,导弹武器
THAAD,导弹武器
鹰击301（C-301）,导弹武器
海鹰-1J(HY-1J）,导弹武器
上游-2,导弹武器
“上游”-1/“上游”-1甲,导弹武器
鹰击-7(YJ-1/C-701),导弹武器
海鹰-3（HY-3/C-301）,导弹武器
鹰击-8A（YJ-8A/C-801）,导弹武器
鹰击1(YJ-1/C-101),导弹武器
鹰击-83（YJ-83/C-803）,导弹武器
海鹰-1(HY-1）/飞龙-3(FL－3）,导弹武器
布拉莫斯,导弹武器
海鹰-2乙（HY-2B）,导弹武器
Х-35/AS-17,导弹武器
雄风-3,导弹武器
雄风-2,导弹武器
鹰击-62(YJ-62/C-602),导弹武器
特塞奥/Teseo-Mk2,导弹武器
RUR-5A"阿斯洛克",导弹武器
3M60/Kh35/AS-20/SS-N-25,导弹武器
飞鱼/Exocet,导弹武器
鹰击-12(YJ-12/CM-400AKG),导弹武器
C-704,导弹武器
C802A（鹰击82）,导弹武器
3M80MBE/白蛉/SS-N-22,导弹武器
红鲨鱼,导弹武器
雄风-1导弹,导弹武器
长剑-10/东海-10,导弹武器
奥托马特/Otomat,导弹武器
鹰击802,导弹武器
鹰击-91(YJ-91/C-901),导弹武器
鹰击803,导弹武器
鹰击801,导弹武器
BGM-109B(战斧),导弹武器
UUN-125“海长矛”,导弹武器
特塞奥(TESEO),导弹武器
意大利“火星”反舰导弹,导弹武器
奥托马特,导弹武器
NSM,导弹武器
P-700/花岗岩/SS-N-19,导弹武器
Kh-35/天王星/SS-N-25,导弹武器
3M54/俱乐部/SS-N-27,导弹武器
P-800/红宝石/SS-N-26,导弹武器
AGM-84捕鱼叉（Harpoon）,导弹武器
90式/SSM-1B,导弹武器
AGM-119企鹅,导弹武器
X-15,导弹武器
红鸟2000(HN2000),导弹武器
红鸟3号(HN3),导弹武器
AKD-10,导弹武器
空地-63(K/AKD-63),导弹武器
CM-802AKG,导弹武器
红鸟-1（HN1）,导弹武器
红鸟2号(HN2),导弹武器
空地-88(KD-88),导弹武器
猎鹰-60(LY-60),导弹武器
蓝箭-7,导弹武器
鹰击-63（YJ-63）,导弹武器
3M54E/俱乐部,导弹武器
88式/SSM-1,导弹武器
RBS-15(尔布斯-15),导弹武器
尔布斯15 -3,导弹武器
79式/重马特/ATM-2,导弹武器
KAM-9,导弹武器
海鹰-2(HY-2/C-201),导弹武器
海鹰-2甲(HY-2A）,导弹武器
海鹰-1甲(HY-1A）,导弹武器
霹雳-6(PL-6),导弹武器
海鹰-4(HY-4/C-201W),导弹武器
鹰击201（C-201）,导弹武器
火闪,导弹武器
霹雳-5(PL-5),导弹武器
霹雳-4（PL-4）,导弹武器
霹雳-9（PL-9）,导弹武器
闪电-10（SD-10/PL-12）,导弹武器
R-73,导弹武器
霹雳-2（PL-2）,导弹武器
天燕-90(TY-90),导弹武器
霹雳-1(PL-1),导弹武器
霹雳-3(PL-3),导弹武器
R-77,导弹武器
93式/ASM-2,导弹武器
91式/ASM-1C,导弹武器
C-704KD,导弹武器
AS-15-TT,导弹武器
鹰击-61(YJ-6/C-611),导弹武器
鹰击-81（YJ-81/C－801K）,导弹武器
CM-400AKG导弹,导弹武器
鹰击601（C-601）,导弹武器
80式/ASM-1,导弹武器
Kh-59,导弹武器
天龙10B(TL-10B),导弹武器
鹰击-81,导弹武器
海红旗-7(HHQ-7),导弹武器
鹰击-82(YJ-82/C-802),导弹武器
红旗-61B,导弹武器
红旗－18(HQ-18),导弹武器
红旗-16(HQ-16),导弹武器
红缨-5(HN-5),导弹武器
哈塔夫-8/Hatf-VIII/雷电,导弹武器
红旗-7（FM-90/FM-80）,导弹武器
AGM-114/海尔法/地狱火,导弹武器
哈塔夫-7/巴布尔/Hatf-VII,导弹武器
毒蛇(Nag),导弹武器
赛德阿姆AGM－122A/B,导弹武器
FGM-172/掠夺者/SRAW,导弹武器
AGM-158B/增程型JASSM,导弹武器
9M17,导弹武器
AGM-28A/大猎犬,导弹武器
AGM-129/阿克姆/ACM,导弹武器
大黄蜂AGM－64A,导弹武器
西北风(Mistral),导弹武器
AGM-158（JASSM）,导弹武器
斯腊姆AGM－69A/B,导弹武器
АПР-2Э,导弹武器
BGM-109A/战斧/Tomahawk,导弹武器
火星,导弹武器
阿巴斯（APACHE）,导弹武器
AGM-86B/C,导弹武器
翠鸟（Martin Pescador）,导弹武器
阿斯姆普,导弹武器
AS30L,导弹武器
C-25л,导弹武器
北方AS20,导弹武器
北方(Nord)AS30,导弹武器
KC-1（AS-1）,导弹武器
X-66/23/27(AS-7),导弹武器
X-22(AS-4),导弹武器
K-10(AS-2),导弹武器
杰索伍（JSOW）AGM-154,导弹武器
百舌鸟AGM－45A/B,导弹武器
哈姆AGM－78,导弹武器
蓝箭7反坦克导弹,导弹武器
标准AGM－78,导弹武器
Kh-55/RKV-500/AS-15,导弹武器
V-1/复仇兵器第1号/Fi-103,导弹武器
Condor-II/Badr-2000,导弹武器
Kh-59/AS-13,导弹武器
巴姆斯/RBS23,导弹武器
R-40(AA-6),导弹武器
K-9(AA-4),导弹武器
米卡/Mica,导弹武器
R-23(AA-7),导弹武器
K-8(AA-3),导弹武器
R-60(AA-8),导弹武器
R-27(AA-10),导弹武器
R-33(AA-9),导弹武器
霹雳-8(PL-8),导弹武器
R-3R/K-13(AA-2),导弹武器
K-5(AA-1),导弹武器
阿玛特（ARMAT）,导弹武器
MAA-1,导弹武器
云母导弹,导弹武器
GBU-10、12系列,导弹武器
霹雳-7(PL-7),导弹武器
FIM-92/毒刺/Stinger,导弹武器
陆盾2000/LD2000,导弹武器
杰里科-3（Jericho-3）,导弹武器
绿箭（红箭-8）,导弹武器
9K31/SA-9/箭-1,导弹武器
S-300V斗士/巨人/SA-12,导弹武器
03式/SAM-4/SAM,导弹武器
长剑/Rapier,导弹武器
红旗-17（HQ-17）,导弹武器
9K33/黄蜂/SA-8,导弹武器
前卫-3（QW-3）,导弹武器
天弓-I型,导弹武器
MIM-23/霍克/HAWK,导弹武器
前卫-11（QW-11）,导弹武器
红旗1号（HQ-1）,导弹武器
杰里科-1(Jericho-1）,导弹武器
山毛榉-M1-2（SA-17）,导弹武器
前卫-lA（QW-1A),导弹武器
9K38 针(SA-18),导弹武器
前卫-2（QW-2）,导弹武器
2C6M/通古斯卡（SA-19）,导弹武器
9K310/针-1/SA-16,导弹武器
“耀星”导弹,导弹武器
91式/凯科,导弹武器
9K34/箭-3/SA-14,导弹武器
星爆,导弹武器
标枪（Javelin）,导弹武器
前卫-18(QW-18),导弹武器
LG天马,导弹武器
红缨-6(FN-6),导弹武器
萨姆-6（SA-6）,导弹武器
吹管,导弹武器
红缨-5甲(HN-5A),导弹武器
M-48/小槲树/Chaparral,导弹武器
S400防空导弹,导弹武器
前卫-1(QW-1),导弹武器
FIM-43红眼睛,导弹武器
前卫-1M(QW-1M),导弹武器
X-20（AS-3）,导弹武器
9K37/山毛榉/SA-11,导弹武器
雷鸟（Thunderbird）,导弹武器
星光(Starstreak),导弹武器
RBS-90,导弹武器
罗兰特(Roland ),导弹武器
RBS-70,导弹武器
箭-2（Arrow-2）,导弹武器
前卫-4（QW-4）,导弹武器
MIM-104/爱国者/Patriot,导弹武器
前卫-19（QW-19）,导弹武器
天弓-Ⅱ型,导弹武器
捷羚(Antelope),导弹武器
S-125/小羚羊/SA-3,导弹武器
“飞蠓”80,导弹武器
HS117/蝴蝶,导弹武器
9K32/箭-2/SA-7,导弹武器
龙胆草/Enzian/Gentian,导弹武器
AGM-130,导弹武器
9M37M/箭-10/SA-13,导弹武器
火百合/F25/F55,导弹武器
9K330/道尔/SA-15,导弹武器
莱茵女儿(Rheintochter),导弹武器
S300P/SA10,导弹武器
9K34/箭-3/SA-14,导弹武器
铠甲-S1/Pantsir-S1/SA-22),导弹武器
烈火-1(Agni-I),导弹武器
瀑布（Waterfall）,导弹武器
红旗-12/凯山-1,导弹武器
S-200/织女星/SA-5,导弹武器
阿斯派德-2000(Spada-2000),导弹武器
红旗-61(HQ-61),导弹武器
93式/ASM-2,导弹武器
81式/短萨姆/ASM-1,导弹武器
红旗-3（HQ-3）,导弹武器
S-25/金鹰/SA-1,导弹武器
红旗-2(HQ-2),导弹武器
9K38/针式/SA-N-10,导弹武器
阿斯姆-1/80式,导弹武器
罗伯特RB04,导弹武器
阿斯派德,导弹武器
红头（Red Top）,导弹武器
X-41,导弹武器
AS34/鸬鹚,导弹武器
X-31Ⅱ/X-31A(AS-12),导弹武器
依尔依斯特,导弹武器
爱吐斯（Airtos）,导弹武器
流星(BVRAAM),导弹武器
X-1/Fritz-X/FX-1400,导弹武器
P.3T/海鹰（Sea Eagle）,导弹武器
KH-31/AS-17,导弹武器
K-12Б,导弹武器
Hs.293,导弹武器
HS-293,导弹武器
RBS-15F(尔布斯),导弹武器
AM-39/飞鱼,导弹武器
CAMM,导弹武器
R.550魔术,导弹武器
Kh-29(AS-14),导弹武器
迦伯列-3,导弹武器
ASM-3,导弹武器
CL-843/海鸥/Sea Skua ASM,导弹武器
天空闪光（Sky Flash）,导弹武器
火光（Firestreak）,导弹武器
天剑1型/Tien Chien I,导弹武器
怪蛇-5/Python-5,导弹武器
X-4/RK-344,导弹武器
蜻蜓-2/Shafrir2,导弹武器
德比/Derby,导弹武器
蜻蜓-1/Shafrir1,导弹武器
A3M,导弹武器
AIM-54/不死鸟/ Phoenix,导弹武器
阿斯特拉(Astra),导弹武器
H-4,导弹武器
怪蛇-4(Python-4),导弹武器
怪蛇-3（Python-3）,导弹武器
AIM-120/AMRAAM/监狱,导弹武器
AIM-9X/响尾蛇/Sidewinder,导弹武器
弯刀/V-3B/Kukri,导弹武器
蜻蜓-2（Shafrir-2）,导弹武器
蜻蜓-1（Shafrir-1）,导弹武器
AIM-132/阿斯拉姆/ASRAAM,导弹武器
99式(AAM-4),导弹武器
04式(AAM-5),导弹武器
天剑-Ⅱ型,导弹武器
AIM-9/响尾蛇/Sidewinder,导弹武器
AIM-7/麻雀/Sparrow,导弹武器
AIM-68大Q,导弹武器
IRIS-T,导弹武器
AAM-1,导弹武器
AIR-2“妖怪”（Genie）,导弹武器
90式/AAM-3,导弹武器
AIM-4/猎鹰/Falcon,导弹武器
AAM-2,导弹武器
马特拉R530,导弹武器
R-4R(AA-5),导弹武器
绿色奶酪(Green Cheese),导弹武器
KH-101/102,导弹武器
3M25/陨石/AS-19,导弹武器
AJ168/AS37/玛特尔,导弹武器
小斗犬 AGM-12,导弹武器
蓝剑(Blue Steel),导弹武器
阿帕奇(Apache-C),导弹武器
阿拉姆(ALARM),导弹武器
叩头虫2 AGM－123A,导弹武器
AGM-65/小牛/Maverick,导弹武器
9K114/螺旋/AT-6,导弹武器
9K118/旋风/AT-12,导弹武器
KSR-5/王鱼/AS-6,导弹武器
姆腊斯姆AGM－109,导弹武器
AJ168/AS37,导弹武器
罗伯特RB05,导弹武器
鹌鹑 ADM-20,导弹武器
猎犬 AGM-28A/B,导弹武器
北方（Nord）AS11,导弹武器
突眼（Popeye）AGM-142,导弹武器
秃鹰AGM－53A,导弹武器
Brimstone/硫磺石,导弹武器
飞腾-2000（FT-2000）,导弹武器
红旗-19(HQ-19),导弹武器
ASMP,导弹武器
动能-2（DN-2）,导弹武器
红旗-15(HQ-15),导弹武器
黛利拉（Delilah）,导弹武器
S-300PMU1/PMU2(SA-20),导弹武器
轻剑/Rapier,导弹武器
东风-11（DF-11/M-11）,导弹武器
红旗-9(HQ-9),导弹武器
833 南康号,舰船舰艇
886 千岛湖号补给舰,舰船舰艇
890 巢湖号补给舰,舰船舰艇
887 微山湖号补给舰,舰船舰艇
888 抚仙湖号补给舰,舰船舰艇
885 青海湖号补给舰,舰船舰艇
883 阳澄湖号补给舰,舰船舰艇
独立号濒海战斗舰(LCS-2),舰船舰艇
天城号/Amagi,舰船舰艇
古鹰级/Furutaka,舰船舰艇
青叶级/Aoba,舰船舰艇
最上级/Mogami,舰船舰艇
“帕拉”级,舰船舰艇
莱比锡号/Leipzig,舰船舰艇
塞德利茨号/Seydlitz,舰船舰艇
重庆号,舰船舰艇
恩登号/Ender,舰船舰艇
海圻号,舰船舰艇
沙恩霍斯特号/Scharnhorst,舰船舰艇
柯尼斯堡级/K级,舰船舰艇
平远舰,舰船舰艇
422 塔克辛(Taksin)号,舰船舰艇
江门号(562),舰船舰艇
自由级濒海战斗舰(LCS-1),舰船舰艇
基洛级（877EKM/636/636M型）366号,舰船舰艇
纳莱颂恩号(053H2G),舰船舰艇
宜昌号(564),舰船舰艇
LCS-5/密尔沃基号,舰船舰艇
海上防卫艇,舰船舰艇
下关号(501),舰船舰艇
洛阳号(527),舰船舰艇
马鞍山号(525),舰船舰艇
嘉兴号(521),舰船舰艇
长治号(519),舰船舰艇
常德号（509）,舰船舰艇
厦门号（515）,舰船舰艇
茂名号(551),舰船舰艇
中东号(532),舰船舰艇
海口号(529),舰船舰艇
佛山号(559),舰船舰艇
自贡号(558),舰船舰艇
安顺号(554),舰船舰艇
金华号(534),舰船舰艇
F-22P级,舰船舰艇
连云港号(522),舰船舰艇
四平号(544),舰船舰艇
南平号(517),舰船舰艇
蒲田号(523),舰船舰艇
北海号(558),舰船舰艇
湘潭号(556),舰船舰艇
安庆号(539),舰船舰艇
淮北号(541),舰船舰艇
Meko200级,舰船舰艇
“玛库特·拉贾库玛林”级,舰船舰艇
“代斯蒂安那·多尔夫”级,舰船舰艇
柳州号(573),舰船舰艇
潍坊舰(550),舰船舰艇
阿兹马特级,舰船舰艇
鹰潭号（531）,舰船舰艇
南充号(502),舰船舰艇
“筑后”级导弹护卫舰,舰船舰艇
昆明号（505）,舰船舰艇
开源号(503),舰船舰艇
“可畏”级,舰船舰艇
“奥坎/萨斯尼茨”级,舰船舰艇
MK9“沃斯伯•索尼克罗福特”级,舰船舰艇
“麦地纳”级,舰船舰艇
“沙里院”级,舰船舰艇
“卡亚”级,舰船舰艇
“勇猛”级,舰船舰艇
襄樊号(567),舰船舰艇
玉林号(565),舰船舰艇
南通号(511),舰船舰艇
淮南号(540),舰船舰艇
九江号(516),舰船舰艇
吉安号(518),舰船舰艇
西昌号(508),舰船舰艇
铜陵号(542),舰船舰艇
成都号(506),舰船舰艇
开封号(520),舰船舰艇
252 沙姆谢尔(Shamsheer)号,舰船舰艇
韶关号(553),舰船舰艇
253 赛义夫(Saif)号,舰船舰艇
45米级导弹护卫艇,舰船舰艇
062型/上海级,舰船舰艇
宜宾号(552),舰船舰艇
251 佐勒菲卡尔(Zulfiquar)号,舰船舰艇
254 阿斯雷特（Aslat）号,舰船舰艇
456 邦巴功号,舰船舰艇
纳赛尔号(053H出口型),舰船舰艇
457 克拉巴厘号,舰船舰艇
951 纳吉姆-扎费尔号,舰船舰艇
458 塞巴里号,舰船舰艇
455 昭披耶,舰船舰艇
汕头号(561),舰船舰艇
东莞号(560),舰船舰艇
临汾号(545),舰船舰艇
肇庆号(563),舰船舰艇
淮阴号(513),舰船舰艇
吉首号(557),舰船舰艇
丹东号(543),舰船舰艇
萍乡号(507),舰船舰艇
东川号(504),舰船舰艇
昭通号(555),舰船舰艇
舟山号(537),舰船舰艇
温州号(526),舰船舰艇
镇江号(514),舰船舰艇
无锡号(512),舰船舰艇
绍兴号(510),舰船舰艇
宁波号(533),舰船舰艇
林仙级/Arethusa,舰船舰艇
烟台舰(538),舰船舰艇
超勇舰,舰船舰艇
沙恩霍斯特级,舰船舰艇
伦敦级,舰船舰艇
克列斯塔I级,舰船舰艇
约克级,舰船舰艇
58型/肯达级,舰船舰艇
神通号/Shintsu,舰船舰艇
斯维尔德洛夫级,舰船舰艇
1134A型/克列斯塔II级,舰船舰艇
红色高加索号,舰船舰艇
鸟海号/Chokai,舰船舰艇
大井号/Oii,舰船舰艇
桥立号/Hashidate,舰船舰艇
黄石号(535),舰船舰艇
熊野号/Kumano,舰船舰艇
绵阳号(528),舰船舰艇
致远级,舰船舰艇
诺福克级,舰船舰艇
超勇级,舰船舰艇
三偎号/Mikuma,舰船舰艇
狄多级,舰船舰艇
扬威舰,舰船舰艇
靖远舰,舰船舰艇
冯·德·坦恩号战列巡洋舰,舰船舰艇
那智号/Nachi,舰船舰艇
经远级,舰船舰艇
衣笠号/Kinugasa,舰船舰艇
阿贺野级/Agano,舰船舰艇
加古号/Kako,舰船舰艇
夕张级/Yubari,舰船舰艇
古鹰号/Furutaka,舰船舰艇
川内级/Sendai,舰船舰艇
妙高级/Myoko,舰船舰艇
长良级/Nagara,舰船舰艇
天龙级/Tenryu,舰船舰艇
球磨级/Kuma,舰船舰艇
吉野号/Yoshino,舰船舰艇
阿武隈号/Abukuma,舰船舰艇
天龙号/Tenryu,舰船舰艇
酒勾号/Sakawa,舰船舰艇
长良号Nagara,舰船舰艇
球磨号/Kuma,舰船舰艇
龙田号/Tatsuda,舰船舰艇
那珂号/Naka,舰船舰艇
能代号/Noshiro,舰船舰艇
磐手号/Iwate,舰船舰艇
爱宕号/Atago,舰船舰艇
阿贺野号/Agano,舰船舰艇
摩耶号/Maya,舰船舰艇
多摩号/Tama,舰船舰艇
大淀级/Oyodo,舰船舰艇
羽黑号/Haguro,舰船舰艇
足柄号/Ashigara,舰船舰艇
铃谷号/Suzuya,舰船舰艇
北上号/Kitakami,舰船舰艇
生驹号/Ikoma,舰船舰艇
名取号/Natori,舰船舰艇
严岛号/Itsukushima,舰船舰艇
对马号/Tsushima,舰船舰艇
五十铃号/Isuzu,舰船舰艇
高雄号/Takao,舰船舰艇
由良号/Yura,舰船舰艇
最上号/Mogami,舰船舰艇
妙高号/Myoko,舰船舰艇
松岛号/matsushima,舰船舰艇
出云号/Izumo,舰船舰艇
鬼怒号/Kinu,舰船舰艇
筑波号/Tsukuba,舰船舰艇
木曾号/KISO,舰船舰艇
新高号/Niitaka,舰船舰艇
胡德号,舰船舰艇
肯特级/Kent,舰船舰艇
川内号/Sendai,舰船舰艇
虎号/Tiger,舰船舰艇
狮级/Lion,舰船舰艇
不倦级/Indefatigable,舰船舰艇
致远舰,舰船舰艇
声望级,舰船舰艇
矢矧号/Yahagi,舰船舰艇
夕张号/Yubari,舰船舰艇
海容级巡洋舰,舰船舰艇
莱比锡级,舰船舰艇
济远舰,舰船舰艇
世昌号国防动员船（82）,舰船舰艇
毕升号综合试验舰（891）,舰船舰艇
定远级巡洋舰,舰船舰艇
广甲舰,舰船舰艇
城级爱丁堡号/Edinburgh,舰船舰艇
未知型号快速医疗救助艇,舰船舰艇
华罗庚号综合试验舰（892）,舰船舰艇
远望5号,舰船舰艇
岱山岛号医院船（866）,舰船舰艇
北救143 三体救生船,舰船舰艇
远望3号,舰船舰艇
远望6号,舰船舰艇
海洋岛号潜艇支援舰（864）,舰船舰艇
天王星号侦察船（853）,舰船舰艇
列宁号核动力破冰船,舰船舰艇
竺可桢号测量船（872）,舰船舰艇
北调993 综合试验船,舰船舰艇
远望21号,舰船舰艇
"海洋22"钱三强号测量船,舰船舰艇
长岛号潜艇救援舰（867）,舰船舰艇
远望22号,舰船舰艇
徐霞客号(88),舰船舰艇
勘察四号声跟踪辅助工作船,舰船舰艇
庄河号集装箱医院船(865),舰船舰艇
试验舰（893）,舰船舰艇
李四光号测量船（871）,舰船舰艇
068型航道测量船,舰船舰艇
北调900 侦察船,舰船舰艇
81 郑和号训练舰,舰船舰艇
向阳红5号海洋调查船,舰船舰艇
614III型海洋综合调查船,舰船舰艇
595型中型水声调查船,舰船舰艇
625/625B型调查船,舰船舰艇
刘公岛号潜艇救援舰（865）,舰船舰艇
北救122打捞救生船,舰船舰艇
635型中型海道测量船,舰船舰艇
勘察三号 深水兵器试验船,舰船舰艇
625C型海洋测量船,舰船舰艇
海救512号氦氧救生船,舰船舰艇
速科夫号/Surcouf,舰船舰艇
永兴岛号远洋打捞救生船(863),舰船舰艇
6610型(曙光级)海洋调查船,舰船舰艇
东修911潜艇修理舰,舰船舰艇
崇明岛号远洋打捞救生船(862),舰船舰艇
“勘查一号”深潜器母船,舰船舰艇
645型海洋综合调查船,舰船舰艇
861 长兴岛号远洋打捞救生船,舰船舰艇
614II型海洋水文天气调查船,舰船舰艇
远望1号,舰船舰艇
南救502近海潜水救生船,舰船舰艇
北救137近海潜水救生船,舰船舰艇
南救503打捞救生船,舰船舰艇
832 医院船,舰船舰艇
069型航道测量船,舰船舰艇
勘查二号 深潜器母船,舰船舰艇
614I型海洋水文天气调查船,舰船舰艇
871 锡米兰号补给舰,舰船舰艇
海声582 小型水声工作船,舰船舰艇
远望2号测量船,舰船舰艇
东救304近海潜水救生船,舰船舰艇
远望4号测量船,舰船舰艇
646型扫海测量船,舰船舰艇
852 海王星侦察船,舰船舰艇
937号综合训练舰,舰船舰艇
“豹”级,舰船舰艇
成功级护卫舰,舰船舰艇
“佩里”级,舰船舰艇
“维林根”级,舰船舰艇
“尼泰罗伊”级,舰船舰艇
“大刀"级,舰船舰艇
“索尔兹伯里”级,舰船舰艇
“艾斯波拉”级,舰船舰艇
054A型,舰船舰艇
未来航空母舰,舰船舰艇
056型/江岛级,舰船舰艇
“圣女贞德”级,舰船舰艇
“查尔·戴高乐”级,舰船舰艇
维克兰特号/Vikrant,舰船舰艇
“石狩”/“夕张”级,舰船舰艇
“圣·保罗”级,舰船舰艇
“法塔希拉”级,舰船舰艇
“华欣”级,舰船舰艇
“巴罗索”级,舰船舰艇
“伊哈乌玛”级,舰船舰艇
“范·斯佩克”级,舰船舰艇
“纳努契卡”级,舰船舰艇
“杰贝尔·切诺阿”级,舰船舰艇
“麦纳麦”/“胜利”/“默里·吉布”级,舰船舰艇
“吉打”级,舰船舰艇
“维斯比”级,舰船舰艇
“布劳什威格”级,舰船舰艇
“卡姆罗辛”级,舰船舰艇
“艾尔瓦洛·迪巴赞”级,舰船舰艇
“阿萨德“级,舰船舰艇
昭披耶级(江湖级改),舰船舰艇
戴达罗号,舰船舰艇
B航舰,舰船舰艇
信浓号/Shinano,舰船舰艇
瑞凤号/Zuiho,舰船舰艇
祥凤级/Shoho,舰船舰艇
龙凤号/Ryuho,舰船舰艇
赤城号/Akagi,舰船舰艇
CVB-42/罗斯福,舰船舰艇
CVN-69/艾森豪威尔号/Eisenhower,舰船舰艇
CV-63/小鹰号,舰船舰艇
CV-16/列克星敦号,舰船舰艇
维拉特号/竞技神号,舰船舰艇
CV-12/大黄蜂号,舰船舰艇
CV-21/拳师号,舰船舰艇
CV-67/肯尼迪号,舰船舰艇
CVL-22/独立号/Independence,舰船舰艇
CVN21级,舰船舰艇
“加富尔”级,舰船舰艇
Lexington/列克星敦级,舰船舰艇
CV-33/奇沙冶号,舰船舰艇
独立级,舰船舰艇
CVL-23/普林斯顿号/Princeton,舰船舰艇
“伊丽莎白女王”级,舰船舰艇
CV-66/美国号,舰船舰艇
“加里波第”级,舰船舰艇
“库兹涅佐夫海军上将”级,舰船舰艇
AVG-1/长岛号/LongIsland,舰船舰艇
CV-22/独立号,舰船舰艇
“差克里·纳吕贝”级,舰船舰艇
小鹰级,舰船舰艇
CVL-48/塞班级/Saipan,舰船舰艇
CVL-49/赖特号/Wright,舰船舰艇
CV-20/本宁顿号,舰船舰艇
CV-15/伦道夫号,舰船舰艇
CVB-41/中途岛级航空母舰/Midway,舰船舰艇
CV-40/塔拉瓦号,舰船舰艇
CVB-43/珊瑚海/Coral Sea,舰船舰艇
CV-34/奥里斯坎尼号,舰船舰艇
CVN-76/里根号/Ronald Reagan,舰船舰艇
CV-39/张伯伦湖号,舰船舰艇
CVN-73/华盛顿号/George Washington,舰船舰艇
CVN-71/罗斯福号,舰船舰艇
CV-61/突击者号,舰船舰艇
CVN-74/约翰·C·斯坦尼斯号,舰船舰艇
CVN-68/尼米兹号,舰船舰艇
CV-64/星座号,舰船舰艇
CV-11/勇猛号,舰船舰艇
CVN-75/杜鲁门号/Truman,舰船舰艇
CVN-70/卡尔.文森号/Carl Vinson,舰船舰艇
“莱特”号(CV-32),舰船舰艇
“好人理查德”号(CV-31),舰船舰艇
“富兰克林”号(CV-13),舰船舰艇
Yorktown/约克城级,舰船舰艇
“邦克山”号(CV-17),舰船舰艇
CVL-30/圣贾辛托号/San Jacinto,舰船舰艇
“巴丹”号（CVL-29）/Bataan,舰船舰艇
CVL-28/卡伯特号/Cabot,舰船舰艇
CVL-27/兰利号/Langley,舰船舰艇
CVL-26/蒙特里号/Monterey,舰船舰艇
CVL-29/巴丹号/Bataan,舰船舰艇
CV-6/“企业”号/Enterprise,舰船舰艇
CV-18胡蜂号,舰船舰艇
埃塞克斯级/Essex,舰船舰艇
CV-10/约克城号,舰船舰艇
CV-4/游骑兵号/Ranger,舰船舰艇
“伊势”号直升机母舰,舰船舰艇
“日向”级直升机母舰,舰船舰艇
“埃塞克斯”号(CV-9),舰船舰艇
CVL-24/贝劳伍德号/Beleau Wood,舰船舰艇
CV-45/福吉谷号,舰船舰艇
CV-36/安提但号,舰船舰艇
CV-47/菲律宾海号,舰船舰艇
CV-19/汉科克号,舰船舰艇
CV-14/提康德罗加号,舰船舰艇
CV-5/约克城号/Yorktown,舰船舰艇
CVN-72/林肯号/Lincoln,舰船舰艇
桑加蒙级/Sangamon,舰船舰艇
卡萨布兰卡级/Casablanca,舰船舰艇
科芒斯曼特湾/Commencementbay,舰船舰艇
CV-59/福莱斯特号,舰船舰艇
博格级/Bogue,舰船舰艇
福莱斯特级/Forrestal,舰船舰艇
统治者级/Ruler,舰船舰艇
云龙级/Unryu,舰船舰艇
CVB-41中途岛/Midway,舰船舰艇
加贺号/Kaga,舰船舰艇
射手级航母/ARCHER,舰船舰艇
翔鹤级/Shokaku,舰船舰艇
大凤号/Taiho,舰船舰艇
苍龙级/Soryu,舰船舰艇
飞龙号/Hiryu,舰船舰艇
R92/不屈号/Indomitable,舰船舰艇
R87/卓越号/Illustrious,舰船舰艇
R38/胜利号/Victorious,舰船舰艇
查克里·纳吕贝特号,舰船舰艇
R21/墨尔本号/Melbourne,舰船舰艇
5月25日号,舰船舰艇
米勒斯吉拿斯号,舰船舰艇
独角兽号/Unicorn,舰船舰艇
维克拉马蒂亚号/Vikramaditya,舰船舰艇
卓越号,舰船舰艇
维克兰特号/Vikrant,舰船舰艇
格拉夫·齐柏林/A航舰,舰船舰艇
圣保罗号/福熙号,舰船舰艇
竞技神号/Hermes,舰船舰艇
百眼巨人号/Argus,舰船舰艇
半人马级航空母舰,舰船舰艇
光辉级,舰船舰艇
巨人级轻型航母,舰船舰艇
皇家方舟号航空母舰,舰船舰艇
新罗西斯克号,舰船舰艇
克里蒙梭级,舰船舰艇
凯沃尔号/Cavour,舰船舰艇
拉法叶号/R96/兰利号,舰船舰艇
CVL-24/贝劳森林号,舰船舰艇
博伊斯·贝莱奥号/Boyce Beilai Ao,舰船舰艇
拉法耶特号/Lafayette No,舰船舰艇
阿罗芒什号/Arromanches,舰船舰艇
海鹰级/Kaiyo,舰船舰艇
贝亚恩号/Bearn,舰船舰艇
飞鹰级/Hiyo,舰船舰艇
大鹰级/Taiyo,舰船舰艇
神鹰号/Shinyo,舰船舰艇
若宫号/Wakamiya,舰船舰艇
云鹰号/Unyo,舰船舰艇
日进号/Nisshin,舰船舰艇
隼鹰号/Junyo,舰船舰艇
瑞穗号/Mizuho,舰船舰艇
秋津洲号/Akitsushima,舰船舰艇
能登吕号/Notoro,舰船舰艇
大鹰号/Taiyo,舰船舰艇
飞鹰号/Hiyo,舰船舰艇
千代田号/Chiyoda,舰船舰艇
千岁级/Chitose,舰船舰艇
龙骧号/Ryujo,舰船舰艇
凤翔级/Hosho,舰船舰艇
神威号/Kamoi,舰船舰艇
笠置号/Kasagi,舰船舰艇
葛城/Katsuragi,舰船舰艇
千岁号/Zuiho,舰船舰艇
苍龙号/Soryu,舰船舰艇
瑞鹤号/Zuikak,舰船舰艇
祥凤号/Shoho,舰船舰艇
云龙号/Unryu,舰船舰艇
翔鹤号/Shokaku,舰船舰艇
基辅级航空母舰,舰船舰艇
CVL-25/考佩斯号/Cowpens,舰船舰艇
CV-38/香格里拉号,舰船舰艇
“东海“级,舰船舰艇
“克拉里“级,舰船舰艇
“斯德哥尔摩”级,舰船舰艇
“侦察”级,舰船舰艇
“浦项”级,舰船舰艇
“诺克斯”级,舰船舰艇
“尼尔斯·尤尔”级,舰船舰艇
053/053H2G型(江卫I/II),舰船舰艇
054型/江凯级,舰船舰艇
CV-2/列克星顿号/Lexington,舰船舰艇
CV-37/普林斯顿号,舰船舰艇
053型(江湖I/II级),舰船舰艇
053HT型/江湖级改,舰船舰艇
“利安德”级,舰船舰艇
“雅克布•范•希姆斯柯克”级,舰船舰艇
FS1500型,舰船舰艇
“哈利法克斯”级,舰船舰艇
“塞维奥拉”级,舰船舰艇
“大黄蜂”号（CV-8）/Hornet,舰船舰艇
CV-3/萨拉托加号/Saratoga,舰船舰艇
“戈达瓦里”级,舰船舰艇
“卡雷尔•多尔曼”级,舰船舰艇
“泰提斯”级,舰船舰艇
“布兰登堡”级,舰船舰艇
“白熊”级改进型,舰船舰艇
“文莱”级,舰船舰艇
“波克”I/II级,舰船舰艇
“科顿艾尔”级,舰船舰艇
“萨克森”级,舰船舰艇
“花月”级,舰船舰艇
“拉斐特”级,舰船舰艇
“什瓦利克”级,舰船舰艇
“毒蜘蛛”I/II/III级,舰船舰艇
“塔尔瓦”级,舰船舰艇
多任务护卫舰（法/意）,舰船舰艇
“基•哈加•德旺塔拉” 级,舰船舰艇
“西北风“级,舰船舰艇
“帕契姆“级,舰船舰艇
“布朗斯坦”级,舰船舰艇
“狼”级,舰船舰艇
“女将”级,舰船舰艇
“克劳德•琼斯”级,舰船舰艇
“蔚山”级,舰船舰艇
“阿武隈”级,舰船舰艇
“罗津”级,舰船舰艇
“奥斯陆”级,舰船舰艇
“弗里德约夫·南森”级,舰船舰艇
“阿尔万德”级,舰船舰艇
“莱丘”级,舰船舰艇
德泽文-普罗文森级/七省级,舰船舰艇
“巴蒂斯塔·德·安德拉德”级,舰船舰艇
“克里瓦克” Ⅰ/Ⅱ/Ⅲ级,舰船舰艇
“马拉塞斯蒂”级,舰船舰艇
“格里莎”Ⅱ/Ⅲ/Ⅴ级,舰船舰艇
“无畏”级,舰船舰艇
“卡农”级,舰船舰艇
“泰拖尔”/“泰拖尔”改进型,舰船舰艇
“科尼”级,舰船舰艇
“智慧女神”级,舰船舰艇
“埃拉特/萨尔5”级,舰船舰艇
“胡阿·贝罗司令”级,舰船舰艇
“西湖”级,舰船舰艇
“守护”级,舰船舰艇
“哥德堡”级,舰船舰艇
冲鹰号/Chuyo,舰船舰艇
“拉达那哥欣”级,舰船舰艇
“库卡里/科拉“级,舰船舰艇
“大刀”级（22型，Batch3）,舰船舰艇
“巴德尔”级,舰船舰艇
“公爵”级（23型）,舰船舰艇
“纳来颂恩”级,舰船舰艇
“尼基”级,舰船舰艇
“达比/巴扬多尔”级,舰船舰艇
“企业”级,舰船舰艇
“阿斯图里亚斯亲王”级,舰船舰艇
北卡罗来纳级,舰船舰艇
杰拉尔德·R·福特号航空母舰,舰船舰艇
辽宁舰/瓦良格/Varyag,舰船舰艇
CV-1/AV-3/Langley/兰利号,舰船舰艇
“尼米兹”级,舰船舰艇
CVN-77/布什号,舰船舰艇
宾夕法尼亚级,舰船舰艇
武藏号/Musashi,舰船舰艇
扶桑号/Fuso,舰船舰艇
玛丽皇后级,舰船舰艇
23型/苏联级,舰船舰艇
阿尔汉格尔斯克号,舰船舰艇
BB-6/肯塔基号/Kentucky,舰船舰艇
尼古拉一世号/民主号,舰船舰艇
“机敏”级,舰船舰艇
“前卫”级,舰船舰艇
塞瓦斯托波尔级/甘古特级,舰船舰艇
“台风”级,舰船舰艇
定远舰,舰船舰艇
“特拉法尔加”级,舰船舰艇
BB-8/亚拉巴马号/Alabama,舰船舰艇
“奥斯卡”II级,舰船舰艇
阿库拉级/971型/Akula,舰船舰艇
“维克托” Ⅲ级,舰船舰艇
“德尔塔”IV级,舰船舰艇
091型/汉级,舰船舰艇
“凯旋”级,舰船舰艇
“红宝石”级,舰船舰艇
“不屈”级,舰船舰艇
051型/(旅大I/II级),舰船舰艇
“易洛魁人”级,舰船舰艇
“普拉特”级,舰船舰艇
052型/旅沪级,舰船舰艇
051B型/旅海级,舰船舰艇
051G1/G2型(旅大III级),舰船舰艇
Meko 360级,舰船舰艇
海口号(171),舰船舰艇
“海神之子”级,舰船舰艇
052C型（旅洋Ⅱ级）,舰船舰艇
45型,舰船舰艇
052D型（旅洋III级）,舰船舰艇
“阿利·伯克”级,舰船舰艇
“蛙”I级,舰船舰艇
“坚韧”级,舰船舰艇
“杰森”级,舰船舰艇
“暴风”级,舰船舰艇
“塞阿拉”级,舰船舰艇
“新港”级,舰船舰艇
“闪电”级,舰船舰艇
“北方”级,舰船舰艇
071型/玉统级,舰船舰艇
布列塔尼级/Bretagne,舰船舰艇
俾斯麦号战列舰,舰船舰艇
莱昂纳多·达·芬奇号,舰船舰艇
朱利奥·凯撒号,舰船舰艇
孤拔级/科尔贝级,舰船舰艇
加富尔伯爵号,舰船舰艇
885型/亚森级,舰船舰艇
库尔斯克号核潜艇,舰船舰艇
英王乔治五世级战列舰 (1936年),舰船舰艇
945型/梭鱼/S级,舰船舰艇
BB-56/华盛顿号战列舰/Washington,舰船舰艇
新墨西哥级,舰船舰艇
BB-25/新罕布什尔号,舰船舰艇
BB-61/艾奥瓦号/Iowa,舰船舰艇
BB-23/密西西比号,舰船舰艇
南卡罗来纳级战列舰,舰船舰艇
BB-26/南卡罗来纳号战列舰,舰船舰艇
Z级驱逐舰,舰船舰艇
DDG1000朱姆沃尔特驱逐舰,舰船舰艇
部族级驱逐舰/Tribal,舰船舰艇
“权栗”号宙斯盾舰,舰船舰艇
兵器级驱逐舰/Weapon,舰船舰艇
Ｖ/Ｗ级驱逐舰,舰船舰艇
岛风级/Shimakaze,舰船舰艇
073IIY型,舰船舰艇
秋月级/Akizuki,舰船舰艇
长沙号(161),舰船舰艇
069型(玉清级)小型登陆艇,舰船舰艇
072型Ⅱ/玉亭级,舰船舰艇
南京号(131),舰船舰艇
遵义号(134),舰船舰艇
重庆号(133),舰船舰艇
“合肥”号(132),舰船舰艇
BB-66/肯塔基号/Kentucky,舰船舰艇
松级/Matsu,舰船舰艇
BB-35/得克萨斯号/Texas,舰船舰艇
BB-42/爱达荷号/Idaho,舰船舰艇
BB-44/加利福尼亚号,舰船舰艇
BB-46/马里兰号,舰船舰艇
BB-31/AG-16/犹他号/Utah,舰船舰艇
BB-41/密西西比号,舰船舰艇
BB-60/亚拉巴马号,舰船舰艇
BB-37/俄克拉荷马号,舰船舰艇
BB-21/堪萨斯号,舰船舰艇
开封号(109),舰船舰艇
大连号(110),舰船舰艇
BB-43/田纳西号,舰船舰艇
BB-10/缅因号/Maine,舰船舰艇
宁波号(139),舰船舰艇
胡安·卡洛斯一世号战略投射舰,舰船舰艇
武汉号(169),舰船舰艇
初春级/Hatsuharu,舰船舰艇
“福州”号(137),舰船舰艇
073A型中型登陆舰,舰船舰艇
072A型/玉亭II级,舰船舰艇
074A型双体通用登陆艇,舰船舰艇
067型(玉南级)小型登陆艇,舰船舰艇
271Ⅱ型中型登陆艇,舰船舰艇
722/722II型,舰船舰艇
073型中型登陆舰,舰船舰艇
079型改进型/玉连级改,舰船舰艇
072III型/玉亭I级,舰船舰艇
073II/玉岛级,舰船舰艇
昆仑山号(998),舰船舰艇
271型/玉盆级,舰船舰艇
“美国”级两栖攻击舰1号舰(LHA6),舰船舰艇
073III型/玉登级,舰船舰艇
079型/玉连级,舰船舰艇
074型/玉海级,舰船舰艇
桂林号(164),舰船舰艇
兰州号(170),舰船舰艇
051型/旅大级,舰船舰艇
珠海号(166),舰船舰艇
哈尔滨号(112),舰船舰艇
青岛号(113),舰船舰艇
银川号(107),舰船舰艇
西安号(106),舰船舰艇
湛江号(165),舰船舰艇
夕云级/Yugumo,舰船舰艇
晓级/Akatsuki,舰船舰艇
南昌号(163),舰船舰艇
南宁号(162),舰船舰艇
西宁号(108),舰船舰艇
阳炎级/Kagero,舰船舰艇
高月级驱逐舰,舰船舰艇
拉德罗级/Rudderow,舰船舰艇
睦月级/Mutsuki,舰船舰艇
格立夫斯级/Gleaves,舰船舰艇
西姆斯级/Sims,舰船舰艇
07型/鞍山级,舰船舰艇
石家庄号(116),舰船舰艇
爱宕级驱逐舰,舰船舰艇
“崔莹”号驱逐舰,舰船舰艇
索墨斯级/Somers,舰船舰艇
“王建”号驱逐舰,舰船舰艇
沈阳号(115),舰船舰艇
出云号直升机驱逐舰,舰船舰艇
“世宗大王”号宙斯盾驱逐舰,舰船舰艇
埃德索尔级/Edsal,舰船舰艇
邓拉普级/Dunlap,舰船舰艇
马汉级/Mahan,舰船舰艇
格里德利级/Gridley,舰船舰艇
贝纳姆级/Benham,舰船舰艇
本森级/Benson,舰船舰艇
威克斯级Wickes,舰船舰艇
波特级/Porter,舰船舰艇
克莱姆森级/Clemson,舰船舰艇
桑普森级/Tucker,舰船舰艇
考德威尔级/Caldwell,舰船舰艇
“惠德贝岛/哈霸斯费里”级,舰船舰艇
“圣·乔治奥”级,舰船舰艇
072型/玉康级,舰船舰艇
“黄蜂”级,舰船舰艇
“大隅”级,舰船舰艇
“鹿特丹/加里西亚”级,舰船舰艇
“蟾蜍”级,舰船舰艇
“塔拉瓦”级,舰船舰艇
天津风级驱逐舰,舰船舰艇
“圣•安东尼奥”级,舰船舰艇
“栗谷李珥”号宙斯盾舰,舰船舰艇
朝潮级/Asashio,舰船舰艇
神风级/Kamikaze,舰船舰艇
“海洋”级,舰船舰艇
“榛名”级,舰船舰艇
“勇敢”级,舰船舰艇
“德•拉•潘尼”级,舰船舰艇
“奥斯汀”级,舰船舰艇
“德里”级,舰船舰艇
“朝雾”级,舰船舰艇
“图尔维尔”级,舰船舰艇
“絮弗伦”级,舰船舰艇
“地平线”级,舰船舰艇
051C型/旅州级,舰船舰艇
052B型（旅洋I级）,舰船舰艇
“卡萨德”级,舰船舰艇
鹰级/Aigle/埃格利,舰船舰艇
峰风级/Minekaze,舰船舰艇
“乔治•莱格”级,舰船舰艇
吹雪级/Fubuki,舰船舰艇
“蓝岭”级,舰船舰艇
BB-28/特拉华级战列舰/Delaware,舰船舰艇
特拉华级战列舰,舰船舰艇
衣阿华级/Iowa,舰船舰艇
BB-63/密苏里号/Missouri,舰船舰艇
BB-51/蒙大拿号战舰/Montana,舰船舰艇
内华达级,舰船舰艇
BB-48/西弗吉尼亚号/West Virginia,舰船舰艇
661型/帕帕级（P级）,舰船舰艇
BB-52/北卡罗来纳号,舰船舰艇
667型/德尔塔级(D级),舰船舰艇
971型/阿库拉级（AK级）,舰船舰艇
685型/麦克级(M级),舰船舰艇
决心级/Resolution,舰船舰艇
BB-49/南达科他号,舰船舰艇
凯旋级核潜艇,舰船舰艇
670型/查理级（C级）,舰船舰艇
705型/阿尔法级(A级),舰船舰艇
667型/杨基级（Y级）,舰船舰艇
671型/维克托级（V级）,舰船舰艇
梭鱼级潜艇,舰船舰艇
长征3号(091型/汉级),舰船舰艇
长征6号(092型/夏级),舰船舰艇
长征2号(091型/汉级),舰船舰艇
094型/晋级,舰船舰艇
长征5号(091型/汉级),舰船舰艇
长征4号(091型/汉级),舰船舰艇
092型/夏级,舰船舰艇
“海狼”级,舰船舰艇
“弗吉尼亚”级,舰船舰艇
奇沙治级战列舰,舰船舰艇
南达科他级战列舰(1920年),舰船舰艇
BB-36/内华达号,舰船舰艇
“洛杉矶”级,舰船舰艇
093型/商级,舰船舰艇
“俄亥俄”级,舰船舰艇
印第安纳级/Indiana,舰船舰艇
南达科他级(1941年),舰船舰艇
蒙大拿级战列舰/Montana,舰船舰艇
BB-32/怀俄明号/Wyoming,舰船舰艇
BB-67/蒙大拿号/Montana,舰船舰艇
659/675型/回声级(E级),舰船舰艇
658型/旅馆级(H级),舰船舰艇
941型/阿库拉级/台风级,舰船舰艇
科罗拉多级,舰船舰艇
BB-59/马萨诸塞号/Massachusetts,舰船舰艇
BB-28/特拉华号/Delaware,舰船舰艇
BB-55/北卡罗来纳号/North Carolina,舰船舰艇
BB-34/纽约号/New York,舰船舰艇
BB-30/佛罗里达号/Florida,舰船舰艇
快速级,舰船舰艇
BB-18/康涅狄格号战列舰/Connecticut,舰船舰艇
949型/花岗岩/奥斯卡级,舰船舰艇
纽约级,舰船舰艇
BB-27/密歇根号/Michigan,舰船舰艇
BB-62 新泽西号 New Jersey,舰船舰艇
田纳西级,舰船舰艇
佛罗里达级,舰船舰艇
怀俄明级,舰船舰艇
BB-3/俄勒冈号/Oregon,舰船舰艇
BB-4 艾奥瓦号,舰船舰艇
BB-16 新泽西号,舰船舰艇
BB-46/马里兰号/Maryland,舰船舰艇
BB-40/新墨西哥号,舰船舰艇
BB-39/亚利桑那号/Arizona,舰船舰艇
BB-12/俄亥俄号/Ohio,舰船舰艇
BB-9/威斯康辛号Wisconsin,舰船舰艇
BB-7/伊利诺伊号,舰船舰艇
BB-68/Ohio/俄亥俄号,舰船舰艇
BB-13/弗吉尼亚号,舰船舰艇
白露级/Shiratsuyu,舰船舰艇
BB-37/俄克拉何马号/Oklahoma,舰船舰艇
安德烈亚·多里亚级,舰船舰艇
长征1号(091型/汉级),舰船舰艇
BB-70/新罕布什尔号,舰船舰艇
BB-2/麻萨诸塞号战列舰/Massachusetts,舰船舰艇
弗朗切斯科·卡拉乔洛级,舰船舰艇
BB-1/印第安纳号/Indiana,舰船舰艇
BB-31/犹他号/Utah,舰船舰艇
BB-33/阿肯色号/Arkansas,舰船舰艇
BB-5/奇沙治号,舰船舰艇
BB-22/明尼苏达号/Minnesota,舰船舰艇
BB-24/爱达荷号/Idaho,舰船舰艇
BB-11/密苏里号/Missouri,舰船舰艇
BB-17/罗德岛号/Rhode Island,舰船舰艇
BB-19/路易斯安那号/Louisiana,舰船舰艇
日向号/Hyuga,舰船舰艇
BB-71 路易斯安那号,舰船舰艇
山城号/Yamashiro,舰船舰艇
陆奥号/Mutsu,舰船舰艇
加富尔伯爵级,舰船舰艇
黎赛留级战列舰/Richelieu,舰船舰艇
比睿号/Hiei,舰船舰艇
榛名号/Haruna,舰船舰艇
维托里奥·维内托级战列舰,舰船舰艇
伊利诺伊级,舰船舰艇
金刚号/Kongo,舰船舰艇
BB-38/宾夕法尼亚号/Pennsylvania,舰船舰艇
大和号/Yamato,舰船舰艇
敦刻尔克级/Dunkerque,舰船舰艇
缅因级,舰船舰艇
长门号/Nagato,舰船舰艇
BB-69/缅因号/Maine,舰船舰艇
康涅狄格级,舰船舰艇
弗吉尼亚级,舰船舰艇
大和级/Yamato,舰船舰艇
BB-45/科罗拉多号/Colorado,舰船舰艇
BB-58 印第安纳号,舰船舰艇
金刚级/Kongo,舰船舰艇
伊势号/Ise,舰船舰艇
雾岛号/Kirishima,舰船舰艇
青叶号/Aoba,舰船舰艇
天城级/Amagi,舰船舰艇
BB-20/佛蒙特号,舰船舰艇
伊势级/Ise,舰船舰艇
BB-15/佐治亚号,舰船舰艇
扶桑级/Fuso,舰船舰艇
长门级/Nagato,舰船舰艇
无畏级/Dreadnaught,舰船舰艇
镇远舰,舰船舰艇
BB-47/华盛顿号,舰船舰艇
“西北风”级,舰船舰艇
纳尔逊级,舰船舰艇
“尹永夏”级(PKG)导弹巡逻艇,舰船舰艇
高雄级/Takao,舰船舰艇
“基洛夫”级,舰船舰艇
“光荣”级,舰船舰艇
独岛级,舰船舰艇
“提康德罗加”级,舰船舰艇
“无敌”级,舰船舰艇
“格劳海军上将”级,舰船舰艇
“喀拉”级,舰船舰艇
“库尔姆贝克”级,舰船舰艇
“恩斯多夫”级,舰船舰艇
“娜佳”I级,舰船舰艇
“桑当”级,舰船舰艇
“复仇者”级,舰船舰艇
“鱼鹰”级,舰船舰艇
“三伙伴”级,舰船舰艇
“弗兰肯索"级,舰船舰艇
“金斯顿”级,舰船舰艇
“费雷”级,舰船舰艇
“白根”级,舰船舰艇
“现代”级,舰船舰艇
“太刀风”级,舰船舰艇
42型（Batch 3）,舰船舰艇
济南号(105),舰船舰艇
深圳号(167),舰船舰艇
“卡辛”级,舰船舰艇
“亨特”级,舰船舰艇
“高波”级,舰船舰艇
广州号(168),舰船舰艇
“泰州”号(138),舰船舰艇
“杭州”号(136),舰船舰艇
“斯普鲁恩斯”级,舰船舰艇
42型（Batch1/2）,舰船舰艇
“无畏”Ⅱ级,舰船舰艇
“无畏”级,舰船舰艇
“广开土大王”级,舰船舰艇
“斗士”II/IIA级,舰船舰艇
“基林”级,舰船舰艇
“初雪”级,舰船舰艇
KDX－2级,舰船舰艇
“村雨”级,舰船舰艇
“旗风”级,舰船舰艇
“山云”级,舰船舰艇
“斯登卡”级,舰船舰艇
037型/海南级,舰船舰艇
“弗里曼特尔“级,舰船舰艇
024型/河谷级,舰船舰艇
“比塞大”级,舰船舰艇
“阿米代尔”级,舰船舰艇
“达布尔”级,舰船舰艇
“岛”级,舰船舰艇
“奥沙”级,舰船舰艇
TNC45级,舰船舰艇
锦江级,舰船舰艇
“秃鹰”II级,舰船舰艇
6605、6610型扫雷艇,舰船舰艇
057K型/连云级,舰船舰艇
081型/涡池级,舰船舰艇
“管岛”级,舰船舰艇
“奥克塞/阿尔塔”级,舰船舰艇
“金刚”级,舰船舰艇
6604级猎潜艇,舰船舰艇
312型遥控扫雷艇,舰船舰艇
“图尔亚”级,舰船舰艇
气垫艇,舰船舰艇
“初岛/宇和岛”级,舰船舰艇
BB-14/内布拉斯加号/Nebraska,舰船舰艇
918型/沃雷级,舰船舰艇
082型/武扫级,舰船舰艇
7102型/涡池级,舰船舰艇
“兰德索尔特”级,舰船舰艇
082-II型/涡藏级,舰船舰艇
“鹳”级重型气垫船,舰船舰艇
Czilim级轻型气垫船,舰船舰艇
726型气垫登陆艇,舰船舰艇
Lebed重型气垫船,舰船舰艇
ABS M-10中型气垫船,舰船舰艇
724型气垫登陆艇,舰船舰艇
“赔鹏”级（Zubr，Type1232）重型气垫船,舰船舰艇
“斯林斯贝”SAH2200轻型气垫船,舰船舰艇
欧洲野牛气垫登陆舰,舰船舰艇
巡逻快艇,舰船舰艇
高速拦截艇（HSIC）(意大利),舰船舰艇
“西巴劳”级,舰船舰艇
“穆西塔里”级,舰船舰艇
“龙卷风”级,舰船舰艇
“苏堪亚”级,舰船舰艇
“风暴“级,舰船舰艇
882 鄱阳湖号补给舰,舰船舰艇
“孔雀/加辛托”级,舰船舰艇
“克比尔”级,舰船舰艇
“江河”级,舰船舰艇
“莫图莫蒂/海龙"级,舰船舰艇
“仙后座”级,舰船舰艇
“梅格纳/格拉哲”级,舰船舰艇
027IIB型/湖州级,舰船舰艇
P29B导弹艇,舰船舰艇
光华六号,舰船舰艇
037IG型(红星级)导弹艇,舰船舰艇
“贾拉拉特”级导弹艇,舰船舰艇
阿兹玛特级,舰船舰艇
6625型/P-8/湖川级,舰船舰艇
“赫尔辛基“级,舰船舰艇
“霍克”级,舰船舰艇
“德沃拉/超级德沃拉“级,舰船舰艇
“信天翁”级,舰船舰艇
“诺科平”级,舰船舰艇
“哈米纳”级,舰船舰艇
“卡帕伦”级,舰船舰艇
“拉马丹”级,舰船舰艇
“普罗文斯”(“尼亚尤/多法尔”)级,舰船舰艇
022型/红稗级,舰船舰艇
“火花/萨尔4”级,舰船舰艇
037-IG型/红星级,舰船舰艇
“弗莱维费斯肯”级,舰船舰艇
“维拉德”级,舰船舰艇
037-II型/红箭级,舰船舰艇
“艾斯纳”级,舰船舰艇
“特内里费”级河川巡逻艇,舰船舰艇
021G型,舰船舰艇
P4型,舰船舰艇
6602型(P-6/K183型),舰船舰艇
037-Ⅱ型(红箭级)导弹艇,舰船舰艇
021型/黄蜂级,舰船舰艇
战艇90E,舰船舰艇
“斗士”III/IIIB/IIIM级,舰船舰艇
“吕尔森”FPB57级,舰船舰艇
“巴赞/维塔/超级维塔”级,舰船舰艇
026型/湖川级,舰船舰艇
“斯皮卡-M/汉达兰”级,舰船舰艇
“海兹/萨尔4.5”级,舰船舰艇
884镜泊湖号补给舰,舰船舰艇
“德沃拉/海鸥”级,舰船舰艇
“阿尔·希蒂克”级,舰船舰艇
889 太湖号补给舰,舰船舰艇
“猎豹”级,舰船舰艇
A47 纳色尔号补给船,舰船舰艇
Baklan级高速拦截艇级,舰船舰艇
“斗士”级,舰船舰艇
“无畏”级,舰船舰艇
“盾牌”级,舰船舰艇
212A级,舰船舰艇
214级,舰船舰艇
905型“太仓”级补给船,舰船舰艇
“天蝎座”级,舰船舰艇
“维多利亚”级,舰船舰艇
041型/元级,舰船舰艇
206A级,舰船舰艇
039型/宋级,舰船舰艇
“阿戈斯塔/阿戈斯塔B”级,舰船舰艇
“柯林斯”级,舰船舰艇
209级,舰船舰艇
“基洛”级,舰船舰艇
SS-793/海龙号,舰船舰艇
“勒里希/吉埃塔”级,舰船舰艇
雍籍牙级,舰船舰艇
汉密尔顿级,舰船舰艇
海监84,舰船舰艇
阿奴律陀级,舰船舰艇
津轻级PLH型,舰船舰艇
传奇级,舰船舰艇
波照间级,舰船舰艇
P400级,舰船舰艇
“水上摩托”攻击艇,舰船舰艇
高速巡逻艇,舰船舰艇
快速巡逻船,舰船舰艇
MIG-G-O8OO,舰船舰艇
Jurmo级快速攻击艇,舰船舰艇
高速拦截艇,舰船舰艇
高速潜入艇,舰船舰艇
“城堡”级,舰船舰艇
“阿兹特克”级,舰船舰艇
海监83,舰船舰艇
海监82,舰船舰艇
海监75,舰船舰艇
海监26,舰船舰艇
海监81(向阳红14),舰船舰艇
”司令“级,舰船舰艇
海监20,舰船舰艇
海监74,舰船舰艇
海监73,舰船舰艇
海监71,舰船舰艇
海监17,舰船舰艇
海监18,舰船舰艇
海监21,舰船舰艇
海监51,舰船舰艇
海监46,舰船舰艇
海监22(向阳红08),舰船舰艇
海监49,舰船舰艇
港口巡逻艇（HSIC）,舰船舰艇
海监47,舰船舰艇
英国高速拦截艇（HSIC）,舰船舰艇
Cougar Enforcer级高速拦截艇,舰船舰艇
硬质攻击艇,舰船舰艇
SX-404级,舰船舰艇
SS-794海虎号,舰船舰艇
Orca潜水员输送载具（SDV）,舰船舰艇
“跤”级小型潜艇,舰船舰艇
MG110小型潜水艇,舰船舰艇
“尤纳”级小型潜艇,舰船舰艇
MG120/ER浅水攻击型潜艇（SWAT）,舰船舰艇
小型潜艇,舰船舰艇
“海象”级,舰船舰艇
“萨乌罗”级,舰船舰艇
“桂树神”级,舰船舰艇
“乌拉”级,舰船舰艇
索德蒙兰级/A-17型,舰船舰艇
“敏捷”级,舰船舰艇
“海蛇”级,舰船舰艇
“哥特兰”级,舰船舰艇
“夕潮”（Yuushio） 级,舰船舰艇
“亲潮”(Oyashio)级,舰船舰艇
“海豚”级,舰船舰艇
“春潮”级,舰船舰艇
远征7号(035B型/明级改),舰船舰艇
远征5号(035B型/明级改),舰船舰艇
远征10号(035B型/明级改),舰船舰艇
远征42号(035G型/明级改),舰船舰艇
远征6号(035B型/明级改),舰船舰艇
远征9号(035B型/明级改),舰船舰艇
远征54号(035G型/明级改),舰船舰艇
远征52号(035G型/明级改),舰船舰艇
远征53号(035G型/明级改),舰船舰艇
远征55号(035G型/明级改),舰船舰艇
远征56号(035G型/明级改),舰船舰艇
海豚级潜艇,舰船舰艇
031型(629级/G级),舰船舰艇
035型/明级,舰船舰艇
“卡克拉”（209）级潜艇（SSK）,舰船舰艇
033型(R级),舰船舰艇
海狮级,舰船舰艇
哥特兰级潜艇,舰船舰艇
030型(W级),舰船舰艇
T级潜艇 (1937年),舰船舰艇
海豚号/Delfino/德尔菲诺,舰船舰艇
“裕古”和P-4级小型潜艇,舰船舰艇
西约特兰级/射手级/南曼兰级,舰船舰艇
郑地号潜艇,舰船舰艇
大青花鱼级潜艇,舰船舰艇
乌拉级潜艇,舰船舰艇
支持者级潜艇,舰船舰艇
VII型U艇,舰船舰艇
SS-792/海豹号,舰船舰艇
SS-791海狮号,舰船舰艇
XXI型U艇,舰船舰艇
II型U艇,舰船舰艇
IX型U艇,舰船舰艇
苍龙级AIP,舰船舰艇
远征61号(035G型/明级改),舰船舰艇
基洛级（877EKM/636/636M型）364号,舰船舰艇
远征16号(039G型/宋级改),舰船舰艇
远征18号(039G1型/宋级改),舰船舰艇
远征17号(039G1型/宋级改),舰船舰艇
远征58号(035G型/明级改),舰船舰艇
远征59号(035G型/明级改),舰船舰艇
远征23号(039G型/宋级改),舰船舰艇
远征30号(039A/宋改),舰船舰艇
611型/祖鲁级(Z级),舰船舰艇
613型/威士忌级(W级）,舰船舰艇
Chariot CE2F/X100T潜水员输送载具,舰船舰艇
远征8号(035B型/明级改),舰船舰艇
651型/朱莉叶级（J级）,舰船舰艇
远征60号(035G型/明级改),舰船舰艇
远征57号(035G型/明级改),舰船舰艇
677型/拉达级,舰船舰艇
629级/高尔夫级(G级),舰船舰艇
远征27号(039G1型/宋级改),舰船舰艇
奥古斯塔级潜艇,舰船舰艇
安德拉斯塔级潜艇,舰船舰艇
1710型白鲸级试验潜艇,舰船舰艇
远征29号(039G1型/宋级改),舰船舰艇
627型/十一月级(N级),舰船舰艇
690型/欢欣级（B级）,舰船舰艇
远征22号(039G型/宋级改),舰船舰艇
远征21号(039G型/宋级改),舰船舰艇
远征24号(039G1型/宋级改),舰船舰艇
扫罗级潜艇,舰船舰艇
鲑鱼级/玉桂级/Yono,舰船舰艇
鲨鱼级/成山高级/Sang-O,舰船舰艇
基洛级（877EKM/636/636M型）365号,舰船舰艇
远征62号(035G型/明级改),舰船舰艇
远征20号(039G型/宋级改),舰船舰艇
940型/印度级(I级),舰船舰艇
马可尼级潜艇,舰船舰艇
615型/魁北克潜艇/Q级,舰船舰艇
远征28号(039G1型/宋级改),舰船舰艇
基洛级（877EKM/636/636M型）367号潜艇,舰船舰艇
远征14号(039G1型/宋级改),舰船舰艇
远征13号(039G1型/宋级改),舰船舰艇
远征15号(039G1型/宋级改),舰船舰艇
远征63号(035G型/明级改),舰船舰艇
Colvic公司艇,舰船舰艇
S级潜艇,舰船舰艇
巡洋级/卡秋莎级/K级,舰船舰艇
南联级/Yugo,舰船舰艇
641型/狐步级(F级),舰船舰艇
T级潜艇,舰船舰艇
快速冲击拦截艇,舰船舰艇
633型/罗密欧级(R级),舰船舰艇
Kaan15级高级冲击/拦截艇（HSIC）,舰船舰艇
Aquarius级快速巡逻船,舰船舰艇
攻击艇,舰船舰艇
野岛级PLH型/隐岐号PL型,舰船舰艇
港口艇,舰船舰艇
海监44,舰船舰艇
近岸巡逻艇,舰船舰艇
海监72,舰船舰艇
海监27,舰船舰艇
海监40(向阳红01),舰船舰艇
海监50,舰船舰艇
海监66,舰船舰艇
海监41,舰船舰艇
海监23,舰船舰艇
萨卡普级,舰船舰艇
海监15,舰船舰艇
吕尔森超细长快速冲击艇,舰船舰艇
Manta级高速巡逻/拦截艇,舰船舰艇
海监32,舰船舰艇
三角洲80登陆艇,舰船舰艇
战艇90H,舰船舰艇
近岸巡逻艇,舰船舰艇
快速拦截艇,舰船舰艇
海监62,舰船舰艇
克莱珀皮艇,舰船舰艇
拦截级巡逻船,舰船舰艇
V5000/6000高速拦截艇（HSIC）(意大利),舰船舰艇
敷岛级PLH型,舰船舰艇
海监16,舰船舰艇
几加白级,舰船舰艇
维克拉姆级,舰船舰艇
飞弹级,舰船舰艇
瑞穗级PLH型,舰船舰艇
Sea Stalker 1500级高速冲击艇,舰船舰艇
“阿素喇”级近岸巡航艇,舰船舰艇
天盐级,舰船舰艇
宗谷级PLH型,舰船舰艇
萨马尔级,舰船舰艇
Swiftships级河川巡逻艇,舰船舰艇
Isla级快速攻击艇,舰船舰艇
特种巡逻快艇,舰船舰艇
海监53,舰船舰艇
阿蘇山级,舰船舰艇
海监28(向阳红09),舰船舰艇
海监52,舰船舰艇
攻击艇,舰船舰艇
SSK 96 Subskimmer硬式充气艇,舰船舰艇
MkV级高速冲击艇,舰船舰艇
AL-Shaali型硬质充气艇,舰船舰艇
哈什米罗托克公司巡逻艇,舰船舰艇
硬质充气艇,舰船舰艇
潜水员输送载具（SDV）,舰船舰艇
瓦德亚级,舰船舰艇
4级和5级远程可潜水运载工具（LRSC）,舰船舰艇
先进海豹输送系统（ASDS）,舰船舰艇
Oxymax闭路氧气潜水设备,舰船舰艇
Stealth Divex循环式呼吸潜水装备,舰船舰艇
“长尾鲛”级潜蛙人运送艇,舰船舰艇
S-10再生式氧气呼吸系统潜承装备,舰船舰艇
干甲板掩蔽舱,舰船舰艇
Mk Ⅷ Mod1型海豹输送艇（SDV）,舰船舰艇
R-1潜水员输送载具（SDV）,舰船舰艇
R-2Mala级潜水员输送载具（SDV）,舰船舰艇
布里斯托尔级,舰船舰艇
萨姆达拉级,舰船舰艇
同安梭船,舰船舰艇
截击船,舰船舰艇
